Federated Group;Bouw
Flexus;Financien
Lawn N' Order Garden Care;Handel
Packer;Horeca
Infinite Wealth;Industrie
GEX;Landbouw
Johnson's General Stores;Logistiek
MVP Sports;Onderwijs
Zany Brainy;IT
Steve & Barry's;Zorg
Lawn N' Order Garden Care;Bouw
Block Distributors;Financien
Cal Stereo;Handel
Practi-Plan Mapping;Horeca
Plan Smart;Industrie
W. Bell & Co.;Landbouw
The Serendipity Dip;Logistiek
Big A Auto Parts;Onderwijs
Knockout Kickboxing;IT
Stratacard;Zorg
Builders Emporium;Bouw
Las Vegas Yard Management;Financien
Big A Auto Parts;Handel
Copeland Sports;Horeca
Disc Jockey;Industrie
MVP Sports;Landbouw
Tam's Stationers;Logistiek
Awthentikz;Onderwijs
Play Town;IT
A Plus Lawn Care;Zorg
Widdmann;Bouw
Quickbiz;Financien
Vitagee;Handel
Children's Palace;Horeca
Sherman's;Industrie
Giant;Landbouw
Anthony's;Logistiek
Ruehl No. 925;Onderwijs
Pioneer Chicken;IT
Ruehl No. 925;Zorg
Rich and Happy;Bouw
Joshua Doore;Financien
Bonanza Produce Stores;Handel
Marianne;Horeca
Acuserv;Industrie
A Plus Lawn Care;Landbouw
Mansmann's Department Store;Logistiek
Listen Up;Onderwijs
Destiny Planners;IT
Smitty's Marketplace;Zorg
Electronic Geek;Bouw
Young @ Heart;Financien
Colonial Stores;Handel
Frame Scene;Horeca
Enrich Garden Services;Industrie
Borders Books;Landbouw
Superior Interior Design;Logistiek
Asiatic Solutions;Onderwijs
Super Saver Foods;IT
Museum Company;Zorg
Monmax;Bouw
Copeland Sports;Financien
Paul's Food Mart;Handel
Laneco;Horeca
Karl's Shoes;Industrie
White Coffee Pot;Landbouw
Tons O' Toys;Logistiek
Planetbiz;Onderwijs
JasmineSola;IT
Pay'N Takeit;Zorg
Mages;Bouw
Lechmere;Financien
The Wiz;Handel
Eagle Hardware & Garden;Horeca
Play Town;Industrie
Harvest Foods;Landbouw
Compact Disc Center;Logistiek
Lechters Housewares;Onderwijs
Adaptas;IT
Roberd's;Zorg
The Independent Planners;Bouw
Architectural Genie;Financien
Virgin Megastores;Handel
Delchamps;Horeca
FamilyMart;Industrie
Creative Wealth;Landbouw
Magik Grey;Logistiek
Fireball;Onderwijs
Woolf Brothers;IT
Komerci;Zorg
Two Pesos;Bouw
Accord Investments;Financien
Sampson's;Handel
Paul's Record Hut;Horeca
Alert Alarm Company;Industrie
Bloom Brothers Furniture;Landbouw
Little Folk Shops;Logistiek
Noodle Kidoodle;Onderwijs
CompuAdd;IT
Maxiserve;Zorg
Sagebrush;Bouw
Glicks Furniture;Financien
Reliable Garden Management;Handel
Frank's Nursery & Crafts;Horeca
Afforda Merchant Services;Industrie
Pro Yard Services;Landbouw
Sky High Financial Advice;Logistiek
Pro Star Garden Management;Onderwijs
Pak and Save;IT
Sandy's;Zorg
Block Distributors;Bouw
Best Biz Survis;Financien
Gemco;Handel
New World;Horeca
Crazy Tiger;Industrie
Starship Tapes & Records;Landbouw
Desmonds Formal Wear;Logistiek
Beasts of Beauty;Onderwijs
Gamble-Skogmo;IT
Budget Power;Zorg
Alexander's;Bouw
Idea Infinity;Financien
The Pink Pig Tavern;Handel
McMahan's Furniture;Horeca
Buttrey Food & Drug;Industrie
Hollywood Video;Landbouw
Your Future Is Now;Logistiek
World of Fun;Onderwijs
Opti-Tek;IT
Locost Accessories;Zorg
Marianne;Bouw
Cardinal Stores;Financien
Play Town;Handel
House Works;Horeca
Express Merchant Service;Industrie
Galyan's;Landbouw
Electronic Geek;Logistiek
Copeland Sports;Onderwijs
Martin's;IT
Camelot Music;Zorg
Cellophane Square;Financien
Yardbirds Home Center;Handel
Better Business Ideas and Services;Horeca
Packer;Industrie
Bresler's Ice Cream;Landbouw
Builders Square;Logistiek
Club Wholesale;Onderwijs
Gantos;IT
Wise Solutions;Zorg
Sounds of Soul Records & Tapes;Bouw
The Wiz;Financien
Sanitary Grocery Stores;Handel
Sounds of Soul Records & Tapes;Horeca
Megatronic Plus;Industrie
Indiewealth;Landbouw
Sofa Express;Logistiek
Wells & Wade;Onderwijs
County Market;IT
Shoe Town;Zorg
HomeBase;Bouw
FamilyMart;Financien
Sure Save;Handel
Canal Villere;Horeca
Creative Wealth Management;Industrie
Infinite Wealth Planners;Landbouw
Integra Wealth Planners;Logistiek
Lawnscape Garden Maintenance;Onderwijs
Buehler Foods;IT
Gino's Hamburgers;Zorg
Franklin Music;Bouw
Grade A Investment;Financien
Lazysize;Handel
Friendly Interior Design;Horeca
Team Electronics;Industrie
Purity;Landbouw
Payless Cashways;Logistiek
Sunburst Garden Management;Onderwijs
Gamma Grays;IT
Deco Refreshments, Inc.;Zorg
Tape World;Bouw
Loblaws;Financien
Piccolo Mondo;Handel
A Plus Lawn Care;Horeca
Vitamax Health Food Center;Industrie
Life Plan Counselling;Landbouw
P. Samuels Men's Clothiers;Logistiek
Royal Gas;Onderwijs
Finast;IT
Purity;Zorg
Standard Food;Bouw
Big D Supermarkets;Financien
Monk House Maker;Handel
Hit or Miss;Horeca
Handy Andy;Industrie
Dave Cooks;Landbouw
Strength Gurus;Logistiek
Fresh Start;Onderwijs
id Boutiques;IT
Planet Pizza;Zorg
Red Baron Electronics;Bouw
Elek-Tek;Financien
Jackhammer Technologies;Handel
Just For Feet;Horeca
Choices;Industrie
Gamma Grays;Landbouw
Alladin's Lamp;Logistiek
Hechinger;Onderwijs
Magna Consulting;IT
Macroserve;Zorg
Highland Appliance;Bouw
Janeville;Financien
Prestiga-Biz;Handel
Block Distributors;Horeca
Bennett Brothers;Industrie
Briazz;Landbouw
Maurice The Pants Man;Logistiek
Johnson's General Stores;Onderwijs
Seamans Furniture;IT
Waves Music;Zorg
Monk Home Improvements;Bouw
Pup 'N' Taco;Financien
Rainbow Records;Handel
Sunburst Garden Management;Horeca
Happy Family;Industrie
Jack Lang;Landbouw
Giant;Logistiek
Builders Square;Onderwijs
Sounds Great, Inc;IT
Great Western;Zorg
Multi-Systems Merchant Services;Financien
Asian Plan;Handel
Envirotecture Design;Horeca
E.J. Korvette;Industrie
Second Time Around;Landbouw
Fisher Foods;Logistiek
McDuff;Onderwijs
Paper Cutter;IT
Scott Ties;Zorg
Griff's Hamburgers;Bouw
Nelson Brothers;Financien
Present Company;Handel
A+ Electronics;Horeca
Record Bar;Industrie
Thorofare;Landbouw
Kinney Shoes;Logistiek
Dynatronics Accessories;Onderwijs
Super Duper;IT
Sears Homelife;Zorg
Circuit Design;Bouw
Britches of Georgetown;Financien
New World Realty;Handel
Mostow Co.;Horeca
Frame Scene;Industrie
Bonanza Produce Stores;Landbouw
Exact Realty;Logistiek
Pro Yard Services;Onderwijs
Ideal Garden Management;IT
Polk Brothers;Zorg
Manu Connection;Bouw
Lechters Housewares;Financien
Helios Air;Handel
J. B. Van Sciver;Horeca
StopGrey;Industrie
National Lumber;Landbouw
Paul's Record Hut;Logistiek
Kleinhans;Onderwijs
Square Circle;IT
Manning's Cafeterias;Zorg
Channel Home Centers;Bouw
Angel's;Financien
Intelacard;Handel
Coon Chicken Inn;Horeca
Fireball;Industrie
Frank and Seder;Landbouw
Dick Fischers;Logistiek
Widdmann;Onderwijs
Warehouse Club, Inc.;IT
Warshal's;Zorg
Krauses Sofa Factory;Bouw
AM/PM Camp;Financien
Cala Foods;Handel
Liberty Wealth Planner;Horeca
Luskin's;Industrie
S&W Cafeteria;Landbouw
TheBottomHalf;Logistiek
Opticomp;Onderwijs
Walt's IGA;IT
Coffey's Market;Zorg
Kinney Shoes;Bouw
Music Boutique;Handel
Landskip Yard Service;Horeca
Quality Merchant Services;Industrie
Strategy Consulting;Landbouw
Mr. Clark's Appliances;Logistiek
Thriftway Food Mart;Onderwijs
Idea Infinity;IT
Stop N Shop;Zorg
You Are Successful;Bouw
Mission You;Financien
Coon Chicken Inn;Handel
Access Asia;Horeca
Crazy Tiger;Landbouw
Megatronic Plus;Logistiek
Practi-Plan Mapping;Onderwijs
Mission Realty;IT
First Choice Yard Help;Zorg
Cuppy's Coffee;Bouw
Infinite Wealth;Financien
Briazz;Handel
Intelli Wealth Group;Horeca
Pup 'N' Taco;Industrie
Greenwich IGA;Landbouw
AM/PM Camp;Logistiek
EXPO Design Center;Onderwijs
Al's Auto Parts;IT
The Spotted Cougar;Zorg
Maxaprofit;Bouw
Pergament Home Centers;Financien
Master Builder Design Services;Handel
Childs Restaurants;Horeca
The Fox and Hound;Industrie
Independent Investors;Landbouw
Bugle Boy;Onderwijs
Children's Palace;IT
Universal Design Partners;Zorg
Sholl's Colonial Cafeteria;Bouw
Formula Gray;Financien
HomeBase;Handel
Walt's IGA;Horeca
Beefsteak Charlie's;Industrie
Edge Yard Service;Landbouw
Netcore;Logistiek
Sound Advice;Onderwijs
Brendle's;IT
Tower Records;Zorg
Paul's Food Mart;Bouw
Vari-Tec;Financien
Robinson Furniture;Handel
Smitty's Marketplace;Horeca
New World Realty;Industrie
Crown Books;Landbouw
Zephyr Investments;Logistiek
Good Guys;Onderwijs
Henry's Hamburgers;IT
Sunflower Market;Zorg
The Happy Bear;Bouw
Eden Lawn Service;Financien
Weingarten's;Handel
Johnson's General Stores;Horeca
Trak Auto;Industrie
Turtle's Records & Tapes;Landbouw
Waves Music;Logistiek
Greenwich IGA;Onderwijs
Auto Works;IT
The White Swan;Bouw
Golden Joy;Financien
Boston Sea Party;Handel
Cala Foods;Horeca
Camelot Music;Industrie
Mission G;Landbouw
Harold's;Logistiek
Olson Electronics;Onderwijs
Four Leaf Clover;IT
FlowerTime;Zorg
Elm Farm;Bouw
Shoe Town;Financien
Matrix Design;Handel
The Lawn Guru;Horeca
The Flying Hippo;Industrie
Rink's;Landbouw
Monmax;Logistiek
The Fox and Hound;Onderwijs
One-Up Realty;IT
Integra Wealth;Bouw
Just For Fun;Financien
Square Circle;Handel
Modern Realty;Horeca
Adray;Industrie
Anthony's;Landbouw
Matrix Architectural Service;Onderwijs
Sambo's;IT
Mikro Designs;Bouw
Perisolution;Financien
Cavages;Handel
Casual Corner;Horeca
LaBelle's;Industrie
J. Brannam;Landbouw
Consumers and Consumers Express;Logistiek
Powerbod;Onderwijs
The White Rabbit;IT
Pay 'N Pak;Zorg
Sure Save;Bouw
One-Up Realty;Financien
Wickes Furniture;Handel
Rack N Sack;Horeca
Bodega Club;Industrie
Tape World;Landbouw
Burstein-Applebee;Logistiek
Ideal Garden Maintenance;Onderwijs
Laura Ashley Mother & Child;IT
Freedom Map;Zorg
Multicerv;Bouw
CompuAdd;Financien
TheBottomHalf;Handel
Cuppy's Coffee;Horeca
Realty Zone;Industrie
Jacobs;Logistiek
Magna Architectural Design;Onderwijs
Ole's;IT
Nobil;Zorg
Crown Auto Parts;Bouw
Circuit Design;Financien
Seamans Furniture;Handel
Fradkin Brothers Furniture;Horeca
Magna Gases;Industrie
Enviro Architectural Designs;Landbouw
Sound Warehouse;Onderwijs
Monit;IT
Tradewell;Zorg
MVP Sports;Bouw
DGS HomeSource;Financien
Flexus;Handel
Grossman's;Horeca
Little Tavern;Industrie
Sammy's Record Shack;Landbouw
The Pink Pig Tavern;Logistiek
I. Magnin;Onderwijs
Security Sporting Goods;IT
A.J. August Fashion Wear;Zorg
County Seat;Bouw
Netobill;Financien
Roberd's;Handel
ABC Markets;Horeca
Asian Junction;Landbouw
Star Bright Investment Group;Logistiek
Sew-Fro Fabrics;Onderwijs
Red Owl;IT
Chase Pitkin;Zorg
Integra Investment Service;Bouw
David Weis;Financien
ManPower;Handel
Realty Zone;Horeca
County Market;Industrie
Opticomp;Landbouw
Virgin Megastores;Logistiek
Huyler's;Onderwijs
Kelly and Cohen;IT
Terra;Zorg
Belle Ladi;Bouw
Bettendorf's;Financien
Sistemos;Handel
Elek-Tek;Horeca
Little Folk Shops;Industrie
Buckeye Furniture;Landbouw
Hanover Shoe;Logistiek
Eagle Food Centers;Onderwijs
Multi-Systems Merchant Services;IT
Sounds of Soul Records & Tapes;Zorg
John M. Smyth's Homemakers;Bouw
Nutri G;Financien
Future Plan;Handel
Greyvoid;Horeca
Geri's Hamburgers;Industrie
Fellowship Investments;Landbouw
Super Shops;Logistiek
Wild Oats Markets;Onderwijs
Kash n' Karry;IT
Custom Lawn Service;Zorg
Polk Brothers;Bouw
Omni Realty;Financien
Fellowship Investments;Handel
Total Sources;Horeca
Club Wholesale;Industrie
Office Warehouse;Landbouw
Bugle Boy;Logistiek
Monk House Sales;Onderwijs
Cougar Investment;IT
Littler's;Zorg
Thalhimers;Bouw
Britling Cafeterias;Financien
Mr Fables;Handel
Hechinger;Horeca
Terra;Industrie
Custom Lawn Care;Landbouw
Datacorp;Logistiek
Ulbrich's;Onderwijs
Cala Foods;IT
Rich and Happy;Zorg
Adaptabiz;Bouw
Tape World;Financien
CompuAdd;Handel
Monk Home Funding Services;Horeca
Mighty Casey's;Industrie
Veramons;Logistiek
Kelsey's Neighbourhood Bar & Grill;Onderwijs
Locost Accessories;IT
Afterthoughts;Zorg
Ulbrich's;Bouw
LaBelle's;Financien
Wheels Discount Auto;Handel
E-zhe Source;Horeca
Powerbod;Industrie
Brown Derby;Landbouw
York Steak House;Onderwijs
Infinity Investment Plan;IT
I. Magnin;Zorg
The Serendipity Dip;Bouw
Big Bear Stores;Financien
Morrie Mages;Handel
Skaggs-Alpha Beta;Horeca
House Works;Industrie
Super Duper;Landbouw
Monk House Sales;Logistiek
Formula Grey;Onderwijs
Sunny Real Estate Investments;IT
Total Yard Management;Zorg
Red Food;Bouw
White Coffee Pot;Financien
Specific Appraisals;Handel
A.J. August Fashion Wear;Industrie
Just For Feet;Landbouw
Locost Accessories;Logistiek
Matrix Interior Design;Onderwijs
A+ Electronics;IT
Total Yard Maintenance;Zorg
Chase Pitkin;Bouw
Alpha Beta;Handel
Simple Solutions;Horeca
Huyler's;Industrie
Pleasures and Pasttimes;Landbouw
Al's Auto Parts;Logistiek
Rogers Food Stores;Onderwijs
Heslop's;IT
Netcore;Zorg
Asian Plan;Bouw
Showbiz Pizza Place;Financien
A Plus Lawn Care;Handel
McDuff;Horeca
Hills Supermarkets;Industrie
Infinity Investment Plan;Landbouw
Super Place;Logistiek
Cut Rite Lawn Care;Onderwijs
Druther's;IT
MagnaSolution;Zorg
John Plain;Bouw
Franklin Simon;Financien
Foot Quarters;Handel
Thriftway Food Mart;Horeca
Almacs;Industrie
Forum Cafeterias;Landbouw
Practi-Plan Mapping;Logistiek
Heilig-Meyers;Onderwijs
First Rate Choice;IT
Skaggs-Alpha Beta;Zorg
ABC Markets;Bouw
System Star;Financien
The Serendipity Dip;Handel
Pergament Home Centers;Horeca
Leath Furniture;Industrie
Soft Warehouse;Landbouw
Adray;Logistiek
Balanced Fortune;IT
Golf Augusta Pro Shops;Zorg
Beefsteak Charlie's;Bouw
Huyler's;Financien
Pergament Home Centers;Handel
Infinity Investment Plan;Horeca
Netcom Business Services;Industrie
Rickel;Landbouw
Endicott Johnson;Logistiek
Intelacard;Onderwijs
Rainbow Records;IT
La Petite Boulangerie;Zorg
Vitagee;Bouw
The Sample;Financien
Cut Rite;Handel
Briazz;Horeca
Lawn N' Order Garden Care;Industrie
Crafts & More;Landbouw
Jeans Unlimited;Logistiek
Wholesale Club, Inc.;Onderwijs
Architectural Genie;IT
Club Wholesale;Zorg
Strength Gurus;Bouw
Gas Depot;Financien
Buehler Foods;Handel
First Rate Choice;Horeca
Record World;Industrie
Rex Audio Video Appliance;Landbouw
LaBelle's;Logistiek
Rogers Peet;Onderwijs
Enviro Architectural Designs;IT
Lindsley's Lumber;Zorg
Tam's Stationers;Bouw
Buck Alley Lumber;Financien
National Auto Parts;Handel
Lee Wards;Horeca
Envirotecture Design Service;Industrie
Warner Brothers Studio Store;Logistiek
Indiewealth;Onderwijs
Team Electronics;Bouw
Bountiful Harvest Health Food Store;Financien
Buckeye Furniture;Handel
TheBottomHalf;Horeca
Romp;Industrie
Tam's Stationers;Landbouw
Dun Rite Lawn Maintenance;Logistiek
Rink's;Onderwijs
Peaches;IT
Mission G;Zorg
Handyman;Bouw
Greyvoid;Financien
Ransohoffs;Handel
System Star;Horeca
Strategic Profit;Industrie
Little Folk Shops;Landbouw
Crazy Eddie;Logistiek
Buehler Foods;Onderwijs
Independent Wealth Management;IT
Star Interior Design;Zorg
Great Clothes;Bouw
ManPower;Financien
Body Toning;Handel
Edge Garden Services;Industrie
Video Concepts;Landbouw
Galaxy Man;Logistiek
Disc Jockey;Onderwijs
Red Bears Tavern;IT
Linens 'n Things;Zorg
Prestiga-Biz;Bouw
G.I. Joe's;Financien
One-Up Realty;Horeca
Solution Bridge;Industrie
Food Fair;Landbouw
Red Fox Tavern;Logistiek
Manu Connection;IT
Libera;Zorg
Purity Supreme;Bouw
Schaak Electronics;Handel
Dun Rite Lawn Maintenance;Horeca
Brand Names;Industrie
Better Business Ideas and Services;Landbouw
Strategy Consulting;Logistiek
Custom Lawn Service;Onderwijs
Monk House Sales;IT
Custom Lawn Care;Zorg
Northern Star;Bouw
Forth & Towne;Handel
Little Folk Shops;Horeca
Steve's Ice Cream;Industrie
Payless Cashways;Landbouw
Morrison's Cafeteria;Logistiek
Soft Warehouse;Onderwijs
Hughes Markets;IT
EXPO Design Center;Zorg
Warshal's;Bouw
VitaGrey;Financien
Ernst Home Centers;Handel
J. K. Gill Company;Horeca
Strong Life;Industrie
Home Centers;Landbouw
Total Network Development;Logistiek
Advansed Teksyztems;Onderwijs
Exact Solutions;IT
Brilliant Home Designs;Zorg
Webcom Business Services;Bouw
Suncoast Video;Horeca
Life Plan Counselling;Industrie
Skaggs-Alpha Beta;Landbouw
White Coffee Pot;Logistiek
Custom Sound;Onderwijs
Zephyr Investments;IT
Mr Fables;Zorg
Quality Event Planner;Bouw
Roberd's;Financien
Dreamscape Garden Care;Handel
Specific Appraisals;Horeca
Affinity Investment Group;Industrie
Lechters Housewares;Landbouw
Jafco;Logistiek
Handy City;Onderwijs
Gold Medal;IT
ManCharm;Zorg
Landskip Yard Service;Bouw
World of Fun;Financien
Penn Fruit;Handel
Rolling Thunder;Horeca
Carl Durfees;Industrie
Four Leaf Clover;Landbouw
Auto Works;Onderwijs
Monlinks;IT
Rose Records;Zorg
Strong Life;Bouw
Body Fate;Financien
A+ Investments;Handel
Alladin Realty;Horeca
I. Magnin;Industrie
Johnson's General Stores;Landbouw
Back To Basics Chiropractic Clinic;Logistiek
Earthworks Garden Kare;Onderwijs
National Lumber;IT
O.K. Fairbanks;Zorg
Patterson-Fletcher;Bouw
Quality Event Planner;Financien
Asian Solutions;Handel
DGS HomeSource;Horeca
DGS VolMAX;Industrie
World Radio;Landbouw
Stop and Shop;Logistiek
Auto Palace;Onderwijs
Johnson's General Stores;IT
FamilyMart;Zorg
Team Electronics;Financien
Wise Solutions;Handel
Anderson-Little;Industrie
Nan Duskin;Landbouw
Polk Brothers;Logistiek
Integra Design;Onderwijs
Present Company;IT
Payless Cashways;Zorg
Erlebacher's;Bouw
Matrix Architectural Service;Financien
Olson Electronics;Handel
National Hardgoods Distributors;Horeca
Robert Hall;Industrie
Adaptaz;Landbouw
Crafts Canada;Logistiek
Record Bar;Onderwijs
Smitty's Marketplace;IT
Benesome;Zorg
Hill-Behan;Bouw
Reliable Garden Management;Financien
Dave Cooks;Handel
The Royal Canadian Pancake Houses;Industrie
Piece Goods Fabric;Landbouw
ABCO Foods;Onderwijs
White Coffee Pot;IT
Honest Air Group;Zorg
Realty Depot;Bouw
Martin's;Financien
Realty Solution;Handel
Levitz Furniture;Horeca
Singer Lumber;Industrie
Big A Auto Parts;Landbouw
Penn Fruit;Logistiek
Checker Auto Parts;Onderwijs
The Network Chef;IT
Better Business Ideas and Services;Zorg
Maxi-Tech;Bouw
FlowerTime;Financien
Grand Union;Handel
Sportmart;Horeca
Fragrant Flower Lawn Services;Industrie
Sagebrush;Landbouw
Envirotecture Design;Logistiek
Las Vegas Yard Management;Onderwijs
Omni Source;Zorg
Jafco;Bouw
Expo Superstore;Financien
Auto Palace;Handel
Electronic Geek;Horeca
Pace Membership Warehouse;Industrie
The Record Shops at TSS;Landbouw
Xray Eye & Vision Clinics;Logistiek
Strong Life;Onderwijs
Northern Star;IT
The Wall;Zorg
Your Future Is Now;Bouw
Mission G;Financien
I. Magnin;Handel
Bombay Company;Horeca
Chandlers;Industrie
Simple Solutions;Landbouw
American Appliance;Onderwijs
Network Air;IT
Pro Star Garden Management;Bouw
Dynatronics Accessories;Financien
Wealthy Ideas;Handel
Crazy Tiger;Horeca
Williams Bros.;Industrie
Bay Furniture;Landbouw
Fit Tonic;Logistiek
Monmax;Onderwijs
Aaronson Furniture;IT
K's Merchandise;Zorg
Grade A Investment;Bouw
Webcom Business Services;Financien
Krauses Sofa Factory;Handel
Mission Realty;Horeca
Rivera Property Maintenance;Industrie
Suadela Investment;Landbouw
Magna Consulting;Logistiek
Stratacard;Onderwijs
The Lawn Guru;IT
Leath Furniture;Zorg
Solution Bridge;Bouw
Kelly and Cohen;Financien
Multicerv;Handel
MagnaSolution;Horeca
System Star Solutions;Industrie
WWW Realty;Logistiek
Pioneer Chicken;Onderwijs
The Pink Pig Tavern;IT
Good Guys;Zorg
Chatham;Bouw
Gino's Hamburgers;Financien
Peter Reeves;Handel
Happy Bear Investment;Horeca
Specialty Restaurant Group;Landbouw
Morrie Mages;Logistiek
Parade of Shoes;Onderwijs
Music Plus;IT
Wealthy Ideas;Zorg
Super Saver Foods;Bouw
Omni Tech Solutions;Financien
Strong Life;Handel
Manning's Cafeterias;Horeca
Elm Farm;Industrie
Hills Supermarkets;Landbouw
White Tower Hamburgers;Logistiek
Crandall's Fine Furniture;Onderwijs
Future Bright;IT
Luskin's;Zorg
First Choice Garden Maintenance;Bouw
Paper Cutter;Financien
Network Air;Horeca
Coconut's;Industrie
Affinity Investment Group;Landbouw
Golden Dawn;Logistiek
Mr. AG's;IT
Irving's Sporting Goods;Zorg
O.K. Fairbanks;Bouw
Unity Stationers;Financien
Carter's Foods;Handel
Jackhammer Technologies;Horeca
Muscle Factory;Industrie
CompuAdd;Landbouw
Pender's Food Stores;Logistiek
Adaptabiz;Onderwijs
Pace Membership Warehouse;IT
Almacs;Zorg
Sistemos;Bouw
Security Sporting Goods;Financien
Infinite Wealth;Handel
Leo's Stereo;Horeca
Second Time Around;Industrie
Gallenkamp;Landbouw
Benesome;Logistiek
Architectural Genie;Onderwijs
Honest Air Group;IT
Cougar Investment;Zorg
Pleasures and Pasttimes;Bouw
Our Own Hardware;Financien
Gold Medal;Handel
Adaptabiz;Horeca
Matrix Design;Industrie
Just For Fun;Landbouw
Express Merchant Service;Logistiek
Boys Markets;Onderwijs
Stop N Shop;IT
Poore Simon's;Zorg
Odyssey Records & Tapes;Bouw
Your Future Is Now;Financien
Pay'N Takeit;Handel
Rogersound Labs;Horeca
Alladin's Lamp;Industrie
Fisher Foods;Landbouw
Incredible Universe;Logistiek
FlowerTime;Onderwijs
Parts and Pieces;IT
Naturohair;Zorg
Corinthian Designs;Financien
Merry-Go-Round;Handel
Desmonds Formal Wear;Horeca
The Happy Bear;Industrie
Franklin Simon;Landbouw
Total Yard Management;Logistiek
Wag's;Onderwijs
Franklin Music;IT
Helping Hand;Zorg
Jay Jacobs;Bouw
Computer City;Financien
Laughner's Cafeteria;Handel
Allied Radio;Horeca
York Steak House;Industrie
Herman's World of Sporting Goods;Landbouw
Kelly and Cohen;Logistiek
McMahan's Furniture;Onderwijs
Fayva;IT
Destiny Realty Solutions;Zorg
William Wanamaker & Sons;Bouw
Realty Depot;Handel
White Tower Hamburgers;Horeca
Kelsey's Neighbourhood Bar & Grill;Industrie
Dick Fischers;Landbouw
Plunkett Home Furnishings;Onderwijs
Keeney's;IT
The Goose and Duck;Zorg
Laura Ashley Mother & Child;Bouw
Afterthoughts;Financien
Solution Answers;Handel
Standard Food;Horeca
Sew-Fro Fabrics;Industrie
Plunkett Home Furnishings;Landbouw
Laura Ashley Mother & Child;Logistiek
Great Clothes;Onderwijs
Multi Tech Development;IT
Olson Electronics;Zorg
Gemco;Bouw
Liberty Wealth Planner;Financien
Sound Advice;Handel
Royal Gas;Horeca
Ernst Home Centers;Industrie
Formula Grey;Landbouw
Auto Works;Logistiek
Fit Tonic;Onderwijs
Avant Garde Interior Designs;Zorg
Colonial Stores;Bouw
McDade's;Financien
Twin Electronics;Handel
Leonard Krower & Sons;Industrie
Planet Pizza;Landbouw
Buckeye Furniture;Logistiek
Sears Homelife;Onderwijs
Huffman and Boyle;IT
Tianguis;Zorg
Sports Unlimited;Bouw
Weatherill's;Financien
One-Up Realty;Handel
Reliable Investments;Horeca
Laura Ashley Mother & Child;Industrie
Jitney Jungle;Landbouw
Mages;Logistiek
System Star Solutions;Onderwijs
Asian Junction;IT
Builderama;Zorg
FlowerTime;Bouw
Lazysize;Financien
Loblaws;Handel
Noodle Kidoodle;Horeca
Team Designers and Associates;Industrie
Red Robin Stores;Landbouw
Wickes Furniture;Logistiek
Wealthy Ideas;Onderwijs
Brown Derby;IT
Sofa Express;Zorg
First Choice Yard Help;Bouw
Quality Realty Service;Handel
P. Samuels Men's Clothiers;Industrie
Chief Auto Parts;Landbouw
Magik Lamp;Logistiek
Pro Star;Onderwijs
Childs Restaurants;IT
Schucks Auto Supply;Zorg
The Original House of Pies;Bouw
Video Concepts;Financien
Stop and Shop;Handel
Kinney Shoes;Horeca
Carter's Foods;Industrie
Envirotecture Design;Landbouw
Life Map Planners;Logistiek
Big Bear Stores;Onderwijs
Mode O'Day;IT
Desert Garden Help;Zorg
Susie's Casuals;Bouw
Piccolo Mondo;Financien
The Great Train Stores;Handel
Glicks Furniture;Horeca
Kleinhans;Industrie
Rogers Peet;Landbouw
Keeney's;Onderwijs
Piccolo Mondo;IT
Total Quality;Zorg
Express Merchant Service;Bouw
Kash n' Karry;Financien
Circuit Design;Handel
Roadhouse Grill;Horeca
VitaGrey;Industrie
Rogers Food Stores;Landbouw
The Great Train Stores;Logistiek
Weingarten's;IT
Ulbrich's;Zorg
Pro Garden Management;Bouw
Capitalcorp;Financien
Johnson's General Stores;Handel
Honest Air Group;Horeca
Monlinks;Industrie
Canal Villere;Landbouw
Idea Infinity;Logistiek
Standard Food;Onderwijs
Colonial Stores;IT
Blue Boar Cafeterias;Zorg
A Plus Lawn Care;Bouw
Bloom Brothers Furniture;Financien
Big Daddy's Restaurants;Handel
Paper Cutter;Horeca
Forest City;Industrie
Elek-Tek;Logistiek
Soul Sounds Unlimited;Onderwijs
Castle Realty;IT
Mostow Co.;Zorg
Parts America;Bouw
Sholl's Colonial Cafeteria;Financien
Littler's;Handel
Asian Fusion;Horeca
Delchamps;Industrie
Mission Realty;Landbouw
Home Quarters Warehouse;Onderwijs
Pantry Food Stores;Bouw
Cellophane Square;Handel
Druther's;Horeca
Paul's Food Mart;Industrie
Profitpros;Landbouw
Jafco;Onderwijs
Shoe Town;IT
Buena Vista Realty Service;Zorg
The Spotted Cougar;Bouw
Child World;Financien
Cut Above;Handel
Chief Auto Parts;Horeca
Knox Lumber;Industrie
Landskip Yard Service;Landbouw
Bennett Brothers;Logistiek
A. L. Price;Onderwijs
Sound Advice;Zorg
Second Time Around;Bouw
Garden Master;Financien
d.e.m.o.;Handel
Midwest TV & Appliance;Horeca
ManPower;Industrie
DGS VolMAX;Landbouw
Pro Star;Logistiek
Beaver Lumber;Zorg
Roberd's;Bouw
Reliable Investments;Financien
La Petite Boulangerie;Handel
Golden Joy;Horeca
Silo;Industrie
Holly Tree Inn;Landbouw
Brown Derby;Logistiek
Argus Tapes & Records;Onderwijs
Fretter;Zorg
Mr. Clark's Appliances;Bouw
National Tea;Financien
Foreman & Clark;Handel
Star Merchant Services;Horeca
Old America Stores;Industrie
Zany Brainy;Landbouw
Circus World;Logistiek
Jacob Reed and Sons;Onderwijs
Checker Auto Parts;IT
Music Plus;Zorg
System Star Solutions;Bouw
University Stereo;Financien
Good Guys;Handel
Titania;Horeca
Super Duper;Industrie
Chargepal;Landbouw
Omni Source;Logistiek
Nedick's;Onderwijs
Specific Appraisals;IT
Country Club Markets;Zorg
Cougar Investment;Financien
Circus World;Handel
John M. Smyth's Homemakers;Horeca
Parts and Pieces;Industrie
Yardbirds Home Center;Landbouw
Heilig-Meyers;Logistiek
Just For Feet;IT
Handyman;Zorg
Grossman's;Bouw
Evans;Financien
Edwards;Handel
Oranges Records & Tapes;Horeca
Future Bright;Industrie
Kohl's Food Stores;Landbouw
Twin Food Stores;Logistiek
Smitty's Marketplace;Onderwijs
Life's Gold;IT
Monk House Maker;Zorg
Matrix Design;Bouw
Netstars Matrix Design;Financien
Monk Home Loans;Handel
Knox Lumber;Horeca
Hugh M. Woods;Industrie
Reliable Investments;Landbouw
Newhair;Onderwijs
Corinthian Designs;IT
Complete Tech;Zorg
Red Owl;Bouw
Adray;Financien
Jitney Jungle;Handel
Newhair;Horeca
Mostow Co.;Industrie
Laura Ashley;Landbouw
Courtesy Hardware Store;Logistiek
John M. Smyth's Homemakers;IT
Paul's Record Hut;Zorg
Price's Electronics;Bouw
Official All Star Café;Financien
Network Air;Handel
Integra Wealth;Horeca
David Weis;Industrie
EXPO Design Center;Landbouw
Sound Advice;Logistiek
Mars Music;Onderwijs
Universo Realtors;IT
Vibrant Man;Zorg
Fayva;Bouw
Magna Architectural Design;Financien
Just For Fun;Horeca
National Auto Parts;Industrie
Unity Stationers;Landbouw
MagnaSolution;Logistiek
Shabby Chic;Onderwijs
Your Future Is Now;IT
Mervyn's;Bouw
Plan Smart Partner;Financien
Ideal Garden Maintenance;Handel
Sunny's Surplus;Industrie
AdventureSports!;Landbouw
HomeBase;Logistiek
Pro Garden Management;IT
Plan Smart Partner;Zorg
J. K. Gill Company;Bouw
Micro Design;Financien
Lee Wards;Handel
Laughner's Cafeteria;Horeca
Nutri G;Industrie
Rustler Steak House;Landbouw
Source Club;Logistiek
Carl Durfees;Onderwijs
The Great Train Stores;IT
KG Menswear;Zorg
Farmer Jack;Bouw
Aaronson Furniture;Financien
Libera;Handel
Jitney Jungle;Horeca
Omni Source;Industrie
Pointers;Landbouw
Rossi Auto Parts;Logistiek
Sanitary Grocery Stores;Onderwijs
Magna Wealth;IT
Johnson's General Stores;Zorg
De-Jaiz Mens Clothing;Bouw
Galyan's;Financien
Gallenkamp;Horeca
Movie Gallery;Industrie
Newmark & Lewis;Landbouw
The Wall;Logistiek
Alpha Beta;Onderwijs
ManPower;IT
DGS HomeSource;Zorg
Superior Interior Design;Bouw
Musicland;Financien
Great American Music;Handel
Integra Investment Plan;Horeca
The Polka Dot Bear Tavern;Industrie
Maxaprofit;Landbouw
Hughes & Hatcher;Logistiek
Rainbow Life;Onderwijs
Isaly's;IT
Complete Tech;Financien
Netaid;Handel
Rainbow Records;Industrie
The Sample;Landbouw
First Choice Yard Help;Logistiek
Food Barn;Onderwijs
Suadela Investment;IT
Schweggmanns;Zorg
Food Barn;Bouw
Disc Jockey;Financien
Road Runner Lawn Services;Handel
GEX;Horeca
Stratagee;Industrie
Big D Supermarkets;Landbouw
Dun Rite Lawn Care;Logistiek
Magna Gases;Onderwijs
Environ Architectural Design;IT
Sambo's;Zorg
Terra Nova Garden Services;Financien
Pup 'N' Taco;Handel
Tape World;Horeca
Rite Solution;Industrie
Hughes & Hatcher;Landbouw
Ole's;Logistiek
Joshua Doore;Onderwijs
House of Gas;IT
Sky High Financial Advice;Zorg
Grodins;Financien
Electronic Geek;Handel
Envirotecture Design Service;Horeca
Sampson's;Industrie
P. Samuels Men's Clothiers;Landbouw
Star Assistance;Logistiek
Huyler's;Zorg
Strawberries;Bouw
Larry's Markets;Financien
A. L. Price;Handel
W. Bell & Co.;Horeca
AdventureSports!;Industrie
Mages;Landbouw
Strategic Profit;Logistiek
CompuAdd;Onderwijs
Sherman's;IT
McDuff;Zorg
Corpbay;Bouw
EnviroSource Design;Financien
Future Bright;Handel
Janeville;Horeca
Omni Realty;Landbouw
Eagle Hardware & Garden;Logistiek
Liberty Wealth Planner;Onderwijs
Monk Home Loans;IT
Video Concepts;Zorg
Awthentikz;Bouw
Discount Furniture Showcase;Financien
Happy Family;Handel
King Carol;Industrie
Consumers Food and Drug;Landbouw
Audio Aid;Bouw
Pro Yard Services;Financien
Square Circle;Horeca
Creative Wealth Management;Landbouw
Silo;Logistiek
Edge Garden Services;Onderwijs
Thriftway Food Mart;IT
Kleinhans;Zorg
Young @ Heart;Bouw
Solution Bridge;Financien
Midwest TV & Appliance;Handel
Mode O'Day;Horeca
One-Up Realtors;Landbouw
Sambo's;Onderwijs
Budget Tapes & Records;Zorg
Nickerson Farms;Bouw
Exact Solutions;Financien
Custom Sound;Handel
Future Bright;Landbouw
Colonial Stores;Logistiek
Pak and Save;Onderwijs
Thom McAn Store;IT
Frame Scene;Zorg
Manning's Cafeterias;Bouw
Thompson;Financien
Magna Wealth;Handel
Gold Medal;Horeca
Brilliant Home Designs;Industrie
Zantigo;Onderwijs
Belle Ladi;IT
Leonard Krower & Sons;Financien
Afterthoughts;Handel
Evans;Horeca
Builders Emporium;Industrie
Beaver Lumber;Landbouw
Naturohair;Logistiek
Zantigo;IT
Eagle Hardware & Garden;Zorg
Envirotecture Design Service;Bouw
Destiny Realty Solutions;Financien
Wellby;Handel
Musicland;Horeca
Mode O'Day;Industrie
Star Bright Investment Group;Landbouw
Ransohoffs;Onderwijs
FamilyMart;IT
Circus World;Zorg
Benesome;Financien
Soul Sounds Unlimited;Handel
Chandler's;Horeca
White Hen Pantry;Industrie
Earthworks Garden Kare;Landbouw
Intelli Wealth Group;Logistiek
Bay Furniture;Onderwijs
Leonard Krower & Sons;IT
Lafayette Radio;Zorg
Big Wheel;Bouw
Hamady Bros. Supermarkets;Handel
Franklin Simon;Horeca
Titania;Industrie
The Goose and Duck;Landbouw
Cavages;Logistiek
E-zhe Source;Onderwijs
Sagebrush;IT
White Hen Pantry;Zorg
Monlinks;Bouw
Great Western;Handel
Belle Ladi;Horeca
Janeville;Landbouw
Total Serve;Logistiek
Square Circle;Onderwijs
Prestiga-Biz;IT
Pomeroy's;Zorg
Wise Solutions;Bouw
Sounds of Soul Records & Tapes;Financien
Garden Guru;Handel
Bold Ideas;Horeca
Crafts Canada;Industrie
Media Play;Landbouw
Joseph Magnin;Logistiek
Brown Derby;Onderwijs
System Star;IT
Terra Nova Garden Services;Zorg
Boston Sea Party;Bouw
Maxiserve;Financien
Hugh M. Woods;Handel
First Choice Garden Maintenance;Landbouw
Matrix Architectural Service;Logistiek
Leonard Krower & Sons;Onderwijs
Tape World;IT
World Radio;Zorg
Stratapro;Bouw
Red Fox Tavern;Financien
Gamma Grays;Handel
Erol's;Horeca
Hughes Markets;Industrie
Club Wholesale;Landbouw
10,000 Auto Parts;Logistiek
Back To Basics Chiropractic Clinic;Onderwijs
Budget Power;IT
Magik Grey;Zorg
Custom Lawn Service;Bouw
Rossi Auto Parts;Financien
Avant Garde Interior Designs;Handel
Kohl's Food Stores;Horeca
WWW Realty;Industrie
Vari-Tec;Landbouw
Strong Life;Logistiek
Accord Investments;Onderwijs
Second Time Around;Zorg
Bennett Brothers;Bouw
TheBottomHalf;Financien
Rossi Auto Parts;Handel
Planet Profit;Horeca
Turtle's Records & Tapes;Industrie
Foreman & Clark;Landbouw
Pomeroy's;Logistiek
STM Auto Parts;Onderwijs
BASCO;IT
Hollywood Video;Zorg
Skaggs-Alpha Beta;Bouw
Food Mart;Financien
Mighty Casey's;Handel
Future Bright;Horeca
Montana's Cookhouse;Industrie
Elek-Tek;Landbouw
Integra Investment Plan;Logistiek
Weathervane;Onderwijs
Independent Investors;IT
Hugh M. Woods;Zorg
Quality Merchant Services;Bouw
Sound Warehouse;Financien
Romp;Handel
Full Color;Horeca
Mission Realty;Industrie
Virgin Megastores;Landbouw
Cellophane Square;Logistiek
Licorice Pizza;IT
Master Builder Design Services;Zorg
Keeney's;Bouw
King Carol;Handel
Total Network Development;Horeca
Today's Man;Industrie
Dynatronics Accessories;Landbouw
Avant Garde Appraisal Group;Logistiek
Happy Bear Investment;Onderwijs
Tweeter;IT
Thorofare;Handel
Fellowship Investments;Industrie
York Steak House;Landbouw
Shoe Kicks;Logistiek
Garden Guru;Onderwijs
Child World;IT
Buck Alley Lumber;Zorg
Auto Works;Bouw
Federated Group;Financien
Price Club;Handel
Hanover Shoe;Horeca
Multi-Systems Merchant Services;Industrie
Richman Brothers;Logistiek
Del Farm;Onderwijs
Prospa-Pal;IT
Monsource;Zorg
KG Menswear;Bouw
Hughes & Hatcher;Financien
Wherehouse Music;Industrie
Schaak Electronics;Logistiek
Skaggs-Alpha Beta;Onderwijs
Lechters Housewares;IT
Scotty's Builders Supply;Zorg
Henry's Hamburgers;Bouw
Success Is Yours;Financien
Payless Cashways;Handel
Service Merchandise;Horeca
Brendle's;Industrie
Matrix Interior Design;Landbouw
Music Den;Onderwijs
Weatherill's;IT
Twin Electronics;Zorg
Weingarten's;Bouw
Castle Realty;Financien
Waccamaw's Homeplace;Handel
Hit or Miss;Landbouw
Indiewealth;Logistiek
Mervyn's;Onderwijs
McDade's;IT
Afforda;Zorg
Peter Reeves;Bouw
Chase Pitkin;Handel
The Great Train Stores;Horeca
White Coffee Pot;Industrie
Sounds Great, Inc;Landbouw
Weatherill's;Logistiek
Team Designers and Associates;Onderwijs
Custom Lawn Service;IT
Jewel Mart;Zorg
Dream Home Real Estate Service;Bouw
Maloley's Finer Foods;Handel
Lechmere;Horeca
Datacorp;Industrie
Mr. Steak;Landbouw
Pay 'N Pak;Logistiek
Metro;Onderwijs
Maxaprofit;IT
Morrie Mages;Zorg
Del Farm;Bouw
Great Clothes;Financien
Wilson's Jewelers;Handel
Scott Ties;Industrie
Strategic Profit;Landbouw
The Sample;Logistiek
Trak Auto;Onderwijs
Mr. Steak;IT
Afforda Merchant Services;Bouw
Parklane Hosiery;Financien
Opticomp;Handel
MegaSolutions;Industrie
Western Auto;Landbouw
Harmony House;Logistiek
The Jolly Farmer;Onderwijs
All Wound Up;IT
Seamans Furniture;Bouw
Record Bar;Financien
CSK Auto;Handel
Huyler's;Horeca
Wealthy Ideas;Industrie
Ardan's;Landbouw
Big Apple;Logistiek
Gamma Gas;Onderwijs
Practi-Plan;IT
Magik Gray;Zorg
McDade's;Bouw
Burger Chef;Financien
Crandall's Fine Furniture;Handel
Piccolo Mondo;Horeca
Asian Solutions;Industrie
Pearl Architectural Design;Landbouw
Vinyl Fever;Logistiek
Sure Save;Onderwijs
LaBelle's;IT
Cherry & Webb;Bouw
Leo's Stereo;Financien
Harold Powell;Handel
Pantry Food Stores;Horeca
Druther's;Industrie
Alpha Beta;Landbouw
Tech Hifi;Logistiek
Value Giant;Onderwijs
Fellowship Investments;IT
Quality Realty Service;Zorg
DGS VolMAX;Financien
Crown Books;Handel
Wise Solutions;Horeca
Monk Home Funding Services;Industrie
Maurice The Pants Man;Landbouw
Perisolution;Logistiek
Star Assistance;IT
Family Toy;Zorg
Food Fair;Financien
Flagg Bros. Shoes;Handel
York Steak House;Horeca
Kragen Auto Parts;Industrie
Strongbod;Landbouw
JumboSports;Logistiek
MacMarr Stores;IT
ManPower;Zorg
The Fox and Hound;Bouw
Kinney Shoes;Financien
Standard Brands Paint Company;Handel
Dynatronics Accessories;Horeca
Marianne;Industrie
Discount Furniture Showcase;Landbouw
Plan Future;Onderwijs
Strategy Planner;IT
Adaptas;Zorg
Noodle Kidoodle;Bouw
First Choice Garden Maintenance;Financien
Sam Goody;Handel
Brown Derby;Horeca
Mr. Good Buys;Industrie
Universal Design Partners;Onderwijs
Sports Town USA;IT
Listen Up;Bouw
Steve's Ice Cream;Financien
Megatronic;Handel
Omni Superstore;Horeca
Reliable Guidance;Industrie
Custom Sound;Landbouw
Solution Bridge;Logistiek
Baltimore Markets;Onderwijs
Advansed Teksyztems;IT
Lechmere;Zorg
Super Shops;Bouw
A. L. Price;Financien
Roberd's;Horeca
Laughner's Cafeteria;Industrie
Superior Appraisals;Landbouw
Handy Dan;Logistiek
Second Time Around;Onderwijs
Harvest Foods;IT
Incluesiv;Bouw
Multi-Systems Merchant Services;Handel
Olson Electronics;Industrie
Knox Lumber;Landbouw
Helios Air;Logistiek
Golf Augusta Pro Shops;Onderwijs
Lionel Kiddie City;Zorg
10,000 Auto Parts;Bouw
Monk Home Funding Services;Financien
Golden's Distributors;Handel
H. J. Wilson & Company;Horeca
Solution Bridge;Landbouw
Baltimore Markets;Logistiek
P. Samuels Men's Clothiers;Onderwijs
Omni Architectural Designs;Zorg
Rack N Sack;Bouw
Pleasures and Pasttimes;Financien
Wherehouse Music;Handel
AdventureSports!;Horeca
Schucks Auto Supply;Industrie
Federated Group;Landbouw
York Steak House;Logistiek
Crafts & More;Onderwijs
Soft Warehouse;IT
Williams Bros.;Zorg
Murray's Discount Auto Stores;Bouw
Noodle Kidoodle;Financien
Larry's Markets;Handel
Golf Augusta Pro Shops;Horeca
Official All Star Café;Industrie
Coconut's;Landbouw
Block Distributors;Logistiek
Gamble-Skogmo;Onderwijs
Luria's;IT
Excella;Bouw
Wickes Furniture;Financien
Brooks Fashions;Handel
Spaceage Stereo;Horeca
Noodle Kidoodle;Industrie
Gas Zone;Landbouw
Total Sources;Logistiek
American Appliance;Zorg
Earthworks Yard Maintenance;Bouw
Strategy Consulting;Financien
Hill-Behan;Handel
Boston Sea Party;Horeca
Planetbiz;Industrie
Wise Solutions;Landbouw
Brooks Fashions;Logistiek
Dreamscape Garden Care;Onderwijs
Furrow's;IT
Jafco;Zorg
Cut Rite Lawn Care;Bouw
Pearl Architectural Design;Financien
Team Uno;Handel
Strategy Planner;Industrie
Planet Profit;Landbouw
Shoe Pavilion;Logistiek
Courtesy Hardware Store;Onderwijs
Market Basket;IT
Sew-Fro Fabrics;Zorg
Waccamaw Pottery;Financien
Landskip Yard Care;Handel
Greenwich IGA;Horeca
Asian Answers;Industrie
Old America Stores;Landbouw
Simply Appraisals;Logistiek
Murray's Discount Auto Stores;Onderwijs
Full Color;IT
Coon Chicken Inn;Zorg
Pace Membership Warehouse;Bouw
BASCO;Financien
Practi-Plan;Handel
Shabby Chic;Horeca
Integra Investment Service;Industrie
Thalhimers;Logistiek
Mr Fables;Onderwijs
CSK Auto;Zorg
Newhair;Bouw
Prospa-Pal;Financien
Huffman and Boyle;Horeca
Big D Supermarkets;Industrie
Sistemos;Landbouw
Starship Tapes & Records;Logistiek
County Seat;Onderwijs
Gottschalks;IT
Kinney Shoes;Zorg
TheBottomHalf;Bouw
Strength Gurus;Financien
Licorice Pizza;Handel
The Flying Bear;Horeca
Music Boutique;Industrie
Sure Save;Landbouw
Friendly Advice;Logistiek
Strawberries;Onderwijs
Casa Bonita;IT
Dee's Drive-In;Zorg
Warehouse Club, Inc.;Bouw
Foxmoor;Financien
Nobil;Handel
The Serendipity Dip;Horeca
Cloth World;Industrie
Corpbay;Landbouw
Solution Realty;Logistiek
Flexus;Onderwijs
W. Bell & Co.;IT
Prospa-Pal;Zorg
Tower Records;Bouw
Showbiz Pizza Place;Handel
Netobill;Industrie
Ruehl No. 925;Landbouw
Tee Town;Logistiek
Larry's Markets;Onderwijs
Body Toning;IT
Larry's Markets;Zorg
Town and Country Convenience Stores;Bouw
Sky High Financial Advice;Financien
Hit or Miss;Handel
Balanced Fortune;Horeca
Knockout Kickboxing;Industrie
Consumers and Consumers Express;Landbouw
MacMarr Stores;Logistiek
National Tea;Onderwijs
Quest Technology Service;IT
Fellowship Investments;Zorg
L' Fish;Bouw
The Polka Dot Bear Tavern;Handel
Marianne;Landbouw
The White Rabbit;Logistiek
O.K. Fairbanks;Onderwijs
Rolling Thunder;IT
AdventureSports!;Zorg
Listenin' Booth;Bouw
Webcom Business Services;Handel
Sears Homelife;Horeca
Gantos;Landbouw
Bay Furniture;Logistiek
Superior Appraisals;Onderwijs
Jewel Mart;IT
Mr. Good Buys;Bouw
Singer Lumber;Financien
Alexander's;Handel
Alpha Beta;Horeca
Quality Event Planner;Landbouw
Castro Convertibles;Logistiek
Ukrop's Super Market;Onderwijs
Great Clothes;IT
Indiewealth;Zorg
Littler's;Bouw
Anthony's;Financien
Metro;Handel
Terra;Horeca
Omni Realty;Industrie
Allied City Stores;Landbouw
STM Auto Parts;Logistiek
Oklahoma Tire & Supply Company;Onderwijs
Plunkett Home Furnishings;IT
d.e.m.o.;Bouw
Life Plan Counselling;Financien
Intelli Wealth Group;Handel
Maurice The Pants Man;Horeca
Heilig-Meyers;Industrie
Noodle Kidoodle;Landbouw
Freedom Map;Onderwijs
Netaid;IT
Magik Gray;Bouw
Argus Tapes & Records;Financien
Bloom Brothers Furniture;Handel
S&W Cafeteria;Horeca
Hamady Bros. Supermarkets;Industrie
AM/PM Camp;Landbouw
L.L. Berger;Logistiek
Odyssey Records & Tapes;Onderwijs
Dream Home Real Estate Service;IT
Bombay Company;Bouw
Ole's;Financien
Roadhouse Grill;Handel
Master Builder Design Services;Horeca
Egghead Software;Landbouw
David Weis;Logistiek
Liberty Wealth Planners;Onderwijs
Omni Tech;IT
Schucks Auto Supply;Bouw
Your Choices;Financien
The Happy Bear;Handel
Destiny Planners;Industrie
Planet Profit;Onderwijs
The Independent Planners;IT
Food Fair;Zorg
White Tower Hamburgers;Bouw
Laura Ashley;Financien
Rhodes Furniture;Handel
Child World;Horeca
Price Savers;Industrie
Waccamaw Pottery;Landbouw
Dream Home Improvements;Logistiek
Superior Interior Design;Onderwijs
Creative Wealth;Zorg
Circus World;Bouw
Brand Names;Financien
Elek-Tek;Handel
Matrix Architectural Service;Horeca
Crandall's Fine Furniture;Industrie
Polk Brothers;Landbouw
J. Brannam;Logistiek
Erb Lumber;Onderwijs
Food Giant;IT
Universo Realtors;Bouw
Beasts of Beauty;Financien
Bettendorf's;Handel
Netcom Business Services;Horeca
Gart Sports;Industrie
Robinson Furniture;Landbouw
Cut Rite Lawn Care;Logistiek
Wellby;Onderwijs
Rainbow Bay Crafts;IT
National Shirt Shop;Zorg
Linens 'n Things;Bouw
Grey Fade;Financien
Smitty's Marketplace;Handel
Pender's Food Stores;Horeca
Avant Garde Appraisal Group;Industrie
FamilyMart;Landbouw
Profitpros;Onderwijs
Linens 'n Things;IT
Corpbay;Zorg
Custom Sound;Bouw
Gamma Gas;Financien
Pace Membership Warehouse;Handel
Zephyr Investments;Horeca
S&W Cafeteria;Industrie
Blue Boar Cafeterias;Landbouw
Laughner's Cafeteria;Onderwijs
Lafayette Radio;IT
Schaak Electronics;Zorg
Bumper to Bumper Auto Parts;Financien
Service Merchandise;Handel
Carter's Foods;Horeca
Super Place;Industrie
Total Yard Maintenance;Logistiek
Rivera Property Maintenance;Onderwijs
Monk Home Improvements;IT
Jeans Unlimited;Zorg
Compact Disc Center;Bouw
Parade of Shoes;Financien
K's Merchandise;Handel
Showbiz Pizza Place;Horeca
Jackpot Consultant;Landbouw
Chess King;Logistiek
La Petite Boulangerie;Onderwijs
Sure Save;IT
Western Auto;Zorg
Pro Property Maintenance;Financien
Turtle's Records & Tapes;Handel
Super Saver Foods;Horeca
Great Western;Industrie
The Pink Pig Tavern;Landbouw
Ardan's;Onderwijs
Modern Realty;IT
Food Giant;Zorg
Music Plus;Bouw
Soul Sounds Unlimited;Financien
House Works;Handel
Alert Alarm Company;Horeca
Laura Ashley;Industrie
Future Plan;Landbouw
Reliable Garden Management;Logistiek
PriceRite Warehouse Club;Onderwijs
The Royal Canadian Pancake Houses;IT
Klopfenstein's;Zorg
Roadhouse Grill;Bouw
Paul's Record Hut;Financien
Bresler's Ice Cream;Handel
Incluesiv;Horeca
Eagle Hardware & Garden;Industrie
Planetbiz;Landbouw
Sun Television and Appliances;Logistiek
LoRay;Onderwijs
Carl Durfees;Zorg
Brand Names;Bouw
Integra Investment Service;Financien
Express Merchant Service;Horeca
Advansed Teksyztems;Industrie
Incredible Universe;Landbouw
Sunburst Garden Management;IT
Channel Home Centers;Zorg
Robinson Furniture;Bouw
Just For Feet;Financien
Golden Joy;Handel
Woolf Brothers;Horeca
Budget Tapes & Records;Industrie
Robert Hall;Landbouw
Mr. AG's;Logistiek
Office Warehouse;Onderwijs
Erol's;IT
Stop and Shop;Zorg
Pak and Save;Bouw
House Of Denmark;Financien
KG Menswear;Handel
Your Choices;Horeca
Funtown toys;Landbouw
Albers Super Markets;Logistiek
Modern Realty;Onderwijs
Cuppy's Coffee;IT
Home Quarters Warehouse;Bouw
Simply Appraisals;Financien
Playworld;Handel
Morrison's Cafeteria;Horeca
E-zhe Source;Industrie
Music Plus;Logistiek
Auto Works;Zorg
Audio Aid;Financien
Big Apple;Handel
Silverwoods;Horeca
Afforda Merchant Services;Landbouw
Delchamps;Logistiek
Cut Rite;Onderwijs
Matrix Architectural Service;IT
Magik Lamp;Zorg
Monk Home Loans;Bouw
Rivera Property Maintenance;Handel
Leath Furniture;Horeca
Sure Save;Industrie
Pro Star Garden Management;Landbouw
Builders Emporium;IT
Brown Derby;Zorg
Glicks Furniture;Bouw
Enrich Garden Services;Financien
Rainbow Life;Handel
Movie Gallery;Horeca
Odyssey Records & Tapes;Industrie
Pro Star;Landbouw
The Original House of Pies;Logistiek
Albers Super Markets;IT
Total Sources;Zorg
Patterson-Fletcher;Handel
Quickbiz;Horeca
Fit Tonic;Industrie
Sportmart;Landbouw
Carrols Restaurant Group;Logistiek
The Warner Brothers Store;Onderwijs
Total Yard Maintenance;IT
Herman's World of Sporting Goods;Zorg
Greyvoid;Handel
Edwards;Industrie
Destiny Realty Solutions;Landbouw
Friendly Interior Design;IT
Multi Tech Development;Zorg
Erb Lumber;Bouw
Stop and Shop;Financien
Avant Garde Interior Designs;Horeca
Bugle Boy;Industrie
Hamady Bros. Supermarkets;Landbouw
Multicerv;Logistiek
A.J. August Fashion Wear;Onderwijs
The Warner Brothers Store;Zorg
STM Auto Parts;Bouw
Bay Furniture;Financien
The Flying Hippo;Handel
The Spotted Cougar;Horeca
Elek-Tek;Industrie
The Spotted Cougar;Landbouw
MegaSolutions;Logistiek
Better Business Ideas and Services;IT
Electronics Source;Zorg
Canal Villere;Bouw
Grand Union;Financien
Pender's Food Stores;Handel
Planet Pizza;Horeca
Weatherill's;Industrie
Target Realty;Landbouw
Multi-Systems Merchant Services;Logistiek
Stop and Shop;Onderwijs
Budget Tapes & Records;Bouw
Pacific Stereo;Handel
Northern Star;Horeca
Weathervane;Landbouw
Big D Supermarkets;Onderwijs
Kelsey's Neighbourhood Bar & Grill;Zorg
The Spotted Cougar;Financien
Rolling Thunder;Industrie
Omni Superstore;Landbouw
Corinthian Designs;Logistiek
GEX;Onderwijs
Omni Architectural Designs;IT
Suadela Investment;Zorg
Country Club Markets;Bouw
Kids Mart;Financien
Helping Hand;Handel
Wise Appraisals;Horeca
Strawberries;Industrie
Metro;Landbouw
Titania;Logistiek
Multi-Systems Merchant Services;Onderwijs
Young @ Heart;IT
Weenie Beenie;Bouw
Sav-A-Center;Financien
Merry-Go-Round;Horeca
Monk Home Improvements;Industrie
Endicott Johnson;Landbouw
Atlas Architectural Designs;Logistiek
Mission Realty;Onderwijs
Envirotecture Design Service;IT
Two Pesos;Zorg
Elek-Tek;Bouw
Protean;Financien
Big Daddy's Restaurants;Horeca
Integra Wealth;Industrie
Shabby Chic;Landbouw
Security Sporting Goods;Logistiek
Food Fair;Onderwijs
Integra Investment Service;IT
Solution Answers;Zorg
Rivera Property Maintenance;Bouw
Foreman & Clark;Horeca
Britling Cafeterias;Industrie
Exact Solutions;Landbouw
Omni Architectural Designs;Logistiek
Yardbirds Home Center;Onderwijs
Ernst Home Centers;IT
Megatronic Plus;Zorg
Alladin's Lamp;Bouw
Sew-Fro Fabrics;Financien
Fayva;Handel
Argus Tapes & Records;Industrie
Road Runner Lawn Services;Landbouw
Magna Architectural Design;Logistiek
Edge Yard Service;Onderwijs
Integra Investment Plan;IT
Monmax;Zorg
Saturday Matinee;Bouw
Builders Square;Handel
Coconut's;Horeca
McMahan's Furniture;Landbouw
Del Farm;Logistiek
Handyman;Onderwijs
Newmark & Lewis;IT
Helios Air;Zorg
Sun Television and Appliances;Bouw
Kent's;Financien
Blockbuster Music;Horeca
Intelli Wealth Group;Industrie
Luskin's;Landbouw
Access Asia;Logistiek
National Hardgoods Distributors;Onderwijs
Master Builder Design Services;IT
Home Centers;Zorg
EXPO Design Center;Financien
Casual Corner;Handel
Opti-Tek;Horeca
Shoe Pavilion;Landbouw
LoRay;Logistiek
Total Sources;Onderwijs
Forth & Towne;IT
Good Times;Zorg
Handy Dan;Bouw
Mostow Co.;Financien
Saturday Matinee;Handel
New World Realty;Horeca
Simply Appraisals;Industrie
G.I. Joe's;Landbouw
Earthworks Garden Kare;Logistiek
Bugle Boy;IT
AM/PM Camp;Zorg
Play Town;Bouw
Sofa Express;Financien
Market Basket;Handel
ManCharm;Horeca
Rainbow Life;Industrie
Team Uno;Landbouw
Unity Stationers;Logistiek
Compact Disc Center;Onderwijs
Hechinger;IT
Garden Guru;Zorg
Witmark;Bouw
Crazy Eddie;Financien
Hughes Markets;Handel
Mr Fables;Industrie
House 2 Home;Landbouw
Pearl Architectural Design;Logistiek
Ejecta;Onderwijs
Murray's Discount Auto Stores;Zorg
Ideal Garden Maintenance;Bouw
Happy Bear Investment;Financien
Crown Books;Horeca
Handyman;Industrie
Excella;Landbouw
Maxaprofit;Logistiek
Strategy Consulting;Onderwijs
Ulbrich's;IT
GEX;Zorg
Mr. D's IGA;Bouw
National Lumber;Financien
Integra Investment Plan;Handel
Music Den;Horeca
Sew-Fro Fabrics;Landbouw
Joshua Doore;Logistiek
Steve's Ice Cream;Onderwijs
Giant;IT
King Carol;Zorg
Boys Markets;Bouw
Thom McAn Store;Handel
Sagebrush;Horeca
National Lumber;Industrie
Widdmann;Landbouw
Sav-A-Center;Onderwijs
Magik Grey;IT
Casual Corner;Bouw
10,000 Auto Parts;Handel
Micro Design;Horeca
You Are Successful;Landbouw
Muscle Factory;Logistiek
Macroserve;Onderwijs
Wilson's Jewelers;IT
Leath Furniture;Bouw
Omni Source;Handel
Unity Frankford Stores;Horeca
Magna Architectural Design;Industrie
The Royal Canadian Pancake Houses;Landbouw
Suncoast Video;Logistiek
Maxiserve;Onderwijs
Ransohoffs;IT
Creative Wealth;Bouw
Sagebrush;Financien
Listenin' Booth;Horeca
Sky High Financial Advice;Landbouw
Suadela Investment;Logistiek
Waccamaw Pottery;Onderwijs
Fireball;IT
Wells & Wade;Zorg
Integra Design;Bouw
Rack N Sack;Financien
Value Giant;Handel
Budget Tapes & Records;Horeca
Pomeroy's;Industrie
Value Giant;Landbouw
De-Jaiz Mens Clothing;Onderwijs
MegaSolutions;IT
Rivera Property Maintenance;Zorg
Chargepal;Bouw
Golden's Distributors;Financien
Realty Zone;Handel
Frank and Seder;Horeca
Multi Tech Development;Industrie
American Wholesale Club;Landbouw
Gov Mart;Onderwijs
Wellby;IT
Hechinger;Zorg
H. J. Wilson & Company;Bouw
Custom Lawn Service;Financien
Franklin Music;Handel
Simply Appraisals;Horeca
K's Merchandise;Industrie
Electronics Source;Logistiek
Seamans Furniture;Onderwijs
Kent's;IT
Friendly Advice;Zorg
Profitpros;Bouw
Builders Square;Financien
Grass Roots Yard Services;Handel
House 2 Home;Horeca
Larry's Markets;Industrie
Multi Tech Development;Logistiek
WWW Realty;Onderwijs
Crafts Canada;IT
Cut Rite Lawn Care;Zorg
Sportswest;Bouw
County Market;Financien
Anthony's;Horeca
Waccamaw Pottery;Industrie
Audio Visions;Logistiek
Hughes & Hatcher;Onderwijs
Universal Design Partners;IT
Cellophane Square;Zorg
Pro-Care Garden Maintenance;Bouw
Protean;Handel
Fit Tonic;Horeca
Kenny Rogers Roasters;Industrie
Environ Architectural Design;Landbouw
Waccamaw's Homeplace;Logistiek
10,000 Auto Parts;IT
Cloth World;Zorg
Mikrotechnic;Bouw
Foot Quarters;Financien
Harvest Foods;Handel
Cut Rite;Horeca
Simply Save;Industrie
Channel Home Centers;Landbouw
10,000 Auto Parts;Onderwijs
The Fox and Hound;IT
Food Barn;Zorg
University Stereo;Bouw
Choices;Financien
Linens 'n Things;Handel
Solution Answers;Horeca
Rose Records;Industrie
Eagle Hardware & Garden;Landbouw
William Wanamaker & Sons;Logistiek
Future Plan;Onderwijs
Dreamscape Garden Care;IT
Monk Real Estate Service;Financien
Paul's Record Hut;Handel
Excella;Horeca
Belle Lady;Industrie
Friendly Interior Design;Landbouw
Kent's;Logistiek
The Flying Bear;Onderwijs
First Choice Yard Help;IT
Total Network Development;Zorg
Rogers Food Stores;Bouw
Affinity Investment Group;Financien
Pioneer Chicken;Handel
Merrymaking;Horeca
Cherry & Webb;Logistiek
Edwards;IT
Life Map;Zorg
Network Air;Bouw
Magik Grey;Financien
House of Gas;Horeca
Gamble-Skogmo;Industrie
PriceRite Warehouse Club;Landbouw
Erb Lumber;Logistiek
Stratagee;Onderwijs
Builders Square;IT
Afforda Merchant Services;Zorg
Laughner's Cafeteria;Financien
Lone Wolf Wealth Planning;Handel
Pioneer Chicken;Horeca
Sanitary Grocery Stores;Industrie
Liberal;Landbouw
Casa Bonita;Logistiek
Country Club Markets;Onderwijs
Crandall's Fine Furniture;Zorg
Spaceage Stereo;Bouw
Ardan's;Financien
J. Brannam;Handel
Gold Touch;Horeca
Sports Town USA;Industrie
ManPower;Landbouw
Soft Warehouse;Logistiek
Quality Event Planner;Onderwijs
De Pinna;IT
Boston Sea Party;Zorg
Chi-Chi's;Financien
Excella;Industrie
Lindsley's Lumber;Landbouw
Adaptas;Logistiek
Envirotecture Design Service;Onderwijs
Handy Andy;IT
All Wound Up;Zorg
Liberty Wealth Planner;Bouw
Crafts Canada;Financien
Sandy's;Handel
Bountiful Harvest Health Food Store;Horeca
John M. Smyth's Homemakers;Industrie
Circuit City;Logistiek
Griff's Hamburgers;Onderwijs
Orion;Zorg
Garden Master;Bouw
Red Robin Stores;Financien
Sammy's Record Shack;Handel
Krauses Sofa Factory;Horeca
Our Own Hardware;Industrie
Crafts Canada;Landbouw
Fretter;Logistiek
Superior Appraisals;Zorg
Crafts & More;Bouw
Morrison's Cafeteria;Handel
O.K. Fairbanks;Horeca
Krauses Sofa Factory;Industrie
Playworld;Landbouw
Awthentikz;Logistiek
Gas Zone;Onderwijs
Earl Abel's;IT
Just For Feet;Zorg
Tianguis;Bouw
Weathervane;Financien
A+ Electronics;Handel
Thalhimers;Horeca
Listenin' Booth;Industrie
Specific Appraisals;Logistiek
The Happy Bear;Onderwijs
Crown Books;IT
Gamma Grays;Bouw
Home Centers;Financien
White Coffee Pot;Horeca
Monk Home Loans;Industrie
Square Circle;Logistiek
Maloley's Finer Foods;Onderwijs
Parts and Pieces;Bouw
Dun Rite Lawn Care;Financien
National Hardgoods Distributors;Handel
Afterthoughts;Horeca
Good Times;Industrie
Benesome;Landbouw
Galyan's;Logistiek
Luria's;Onderwijs
Action Auto;IT
Cal Stereo;Zorg
Future Bright;Bouw
De Pinna;Financien
Leonard Krower & Sons;Horeca
Matrix Interior Design;Industrie
Universo Realtors;Logistiek
Netcom Business Services;Onderwijs
DGS HomeSource;IT
National Auto Parts;Zorg
Piece Goods Fabric;Bouw
Thorofare;Financien
Envirotecture Design;Handel
Hugh M. Woods;Horeca
New World;Industrie
Turtle's Records & Tapes;Logistiek
Childs Restaurants;Onderwijs
Adray;IT
York Steak House;Zorg
Kessel Food Market;Bouw
Gantos;Handel
Solution Realty;Horeca
Two Pesos;Industrie
Lafayette Radio;Onderwijs
Good Guys;IT
Big Daddy's Restaurants;Zorg
Paul Harris;Financien
Jeans Unlimited;Handel
Kiddie City;Horeca
Oklahoma Tire & Supply Company;Industrie
Chase Pitkin;Landbouw
Morville;Logistiek
Zany Brainy;Onderwijs
Great Western;IT
Hughes Markets;Zorg
Steinberg's;Bouw
Planet Profit;Financien
Integra Design;Handel
Soul Sounds Unlimited;Industrie
Lionel Kiddie City;Landbouw
Big Daddy's Restaurants;Logistiek
Old America Stores;Onderwijs
Miller & Rhoads;IT
Nelson Brothers;Zorg
Parade of Shoes;Bouw
Media Play;Financien
Irving's Sporting Goods;Handel
Happy Family;Horeca
Seamans Furniture;Industrie
Argus Tapes & Records;Landbouw
Showbiz Pizza Place;Logistiek
Newmark & Lewis;Zorg
Checker Auto Parts;Bouw
John F. Lawhon;Financien
Formula Grey;Handel
Security Sporting Goods;Horeca
Galaxy Man;Industrie
Briazz;Logistiek
Hughes Markets;Onderwijs
Standard Food;IT
Lawnscape Garden Maintenance;Zorg
Lazysize;Bouw
Dahlkemper's;Financien
Widdmann;Handel
Mikro Designs;Industrie
Gold Touch;Landbouw
Karl's Shoes;Logistiek
Computer City;Onderwijs
Jitney Jungle;IT
Lionel Kiddie City;Bouw
Western Auto;Financien
Red Fox Tavern;Horeca
Four Leaf Clover;Industrie
Millenia Life;Landbouw
Greyvoid;Onderwijs
Vibrant Man;IT
University Stereo;Zorg
Skaggs-Alpha Beta;Financien
Buck Alley Lumber;Handel
The High Heelers;Horeca
Micro Design;Industrie
Gino's Hamburgers;Landbouw
Old America Stores;Logistiek
Geri's Hamburgers;Onderwijs
Marianne;IT
Sun Television and Appliances;Financien
Creative Wealth Management;Horeca
Asian Solutions;Landbouw
AJ Bayless;Logistiek
Destiny Realty;Onderwijs
Sholl's Colonial Cafeteria;IT
The Flying Hippo;Zorg
Target Realty;Horeca
Cherry & Webb;Landbouw
Master Builder Design Services;Logistiek
Sandy's;Onderwijs
Unity Frankford Stores;IT
Custom Sound;Zorg
Omni Tech;Bouw
Crazy Eddie;Handel
Vitamax Health Food Center;Horeca
Gamma Gas;Industrie
Mr. Good Buys;Landbouw
Solid Future;Onderwijs
Tee Town;IT
Balanced Fortune;Zorg
Sun Foods;Financien
Super Duper;Handel
Enrich Garden Services;Horeca
The Happy Bear;Landbouw
The Jolly Farmer;Logistiek
Omni Tech Solutions;Onderwijs
McMahan's Furniture;IT
Burstein-Applebee;Zorg
Gamma Realty;Bouw
Sistemos;Financien
Kash n' Karry;Handel
Olympic Sports;Industrie
Wherehouse Music;Landbouw
Integra Design;Logistiek
Rack N Sack;Onderwijs
Belle Lady;IT
Monsource;Bouw
Tape World;Handel
Eisner Food Stores;Horeca
Thrift Auto Parts;Industrie
Quest Technology Service;Landbouw
The White Swan;Logistiek
VitaGrey;IT
Newhair;Zorg
Evans;Bouw
On Cue;Handel
Avant Garde Appraisal Group;Horeca
Forum Cafeterias;Industrie
Paper Cutter;Landbouw
La Petite Boulangerie;Logistiek
Tee Town;Onderwijs
Steve's Ice Cream;IT
Crown Auto Parts;Zorg
Muirhead's;Financien
Price's Electronics;Horeca
Sound Advice;Landbouw
Gino's Hamburgers;IT
Galyan's;Zorg
Record World;Bouw
You Are Successful;Financien
Dream Home Real Estate Service;Handel
Whitlocks Auto Supply;Logistiek
The Royal Canadian Pancake Houses;Onderwijs
Multi-Systems Merchant Services;Bouw
Circuit City;Financien
Evans;Industrie
Strawberries;Landbouw
Cellophane Square;Onderwijs
Pay'N Takeit;IT
Monit;Bouw
Ulbrich's;Financien
Pay 'N Pak;Horeca
Thompson;Industrie
Hamady Bros. Supermarkets;Logistiek
Thalhimers;Onderwijs
Monsource;IT
LaBelle's;Zorg
Childrens Bargain Town;Bouw
Smitty's Marketplace;Financien
Ellman's Catalog Showrooms;Handel
The Royal Canadian Pancake Houses;Horeca
Pay 'N Pak;Industrie
Checker Auto Parts;Landbouw
Heslop's;Logistiek
Planet Profit;IT
Flexus;Zorg
Master Builder Design Services;Bouw
Poore Simon's;Horeca
Naugles;Industrie
Accord Investments;Landbouw
John F. Lawhon;Logistiek
Total Serve;Onderwijs
Dubrow's Cafeteria;Bouw
Millenia Life;Financien
The Jolly Farmer;Horeca
LoRay;Industrie
Jackhammer Technologies;Landbouw
System Star;Logistiek
J. Riggings;Onderwijs
Multicerv;IT
Sun Television and Appliances;Zorg
MegaSolutions;Bouw
Strategy Planner;Financien
Wells & Wade;Handel
Quest Technology Service;Horeca
Griff's Hamburgers;Industrie
Brilliant Home Designs;Landbouw
De Pinna;Logistiek
System Star;Onderwijs
Steak and Ale;IT
Intelli Wealth Group;Bouw
Gottschalks;Financien
Asian Fusion;Industrie
Rogers Peet;Logistiek
Music Plus;Onderwijs
Edge Garden Services;Bouw
Rogers Food Stores;Financien
Pup 'N' Taco;Horeca
Total Yard Maintenance;Industrie
Erol's;Landbouw
Personal & Corporate Design;Logistiek
Henry's Hamburgers;Onderwijs
Edge Garden Services;IT
Hamady Bros. Supermarkets;Zorg
Total Serve;Bouw
Fireball;Financien
System Star Solutions;Handel
L.L. Berger;Horeca
KB Toys;Industrie
Sagebrush;Onderwijs
Thorofare;IT
Ideal Garden Management;Zorg
Deco Refreshments, Inc.;Bouw
Warner Brothers Studio Store;Financien
Security Sporting Goods;Handel
Life Map;Horeca
Central Hardware;Industrie
Good Times;Landbouw
Media Play;Logistiek
Jack Lang;Onderwijs
Hit or Miss;IT
Prestigabiz;Zorg
Sports Unlimited;Financien
Exact Realty;Handel
Angel's;Horeca
Unity Frankford Stores;Industrie
John M. Smyth's Homemakers;Landbouw
Prestigabiz;Onderwijs
Flexus;IT
Harvest Foods;Zorg
Thorofare;Bouw
W. Bell & Co.;Financien
National Tea;Handel
Signa Air;Horeca
Jay Jacobs;Industrie
Angel's;Logistiek
National Record Mart;Onderwijs
CSK Auto;IT
Kelly and Cohen;Zorg
A.J. August Fashion Wear;Bouw
Williams Bros.;Financien
Belle Lady;Handel
Dreamscape Garden Care;Horeca
Flexus;Industrie
Leath Furniture;Logistiek
Father & Son;Onderwijs
AM/PM Camp;IT
Jitney Jungle;Zorg
Specialty Restaurant Group;Bouw
Jeans Unlimited;Financien
Childs Restaurants;Handel
Monsource;Horeca
Dubrow's Cafeteria;Industrie
Linens 'n Things;Landbouw
The Polka Dot Bear Tavern;Logistiek
The Spotted Cougar;Onderwijs
Mr. AG's;Zorg
Profitpros;Horeca
Record & Tape Outlet;Industrie
Kragen Auto Parts;Landbouw
Aaronson Furniture;Logistiek
Sunny's Surplus;Handel
Chargepal;Horeca
Friendly Interior Design;Industrie
Audio Visions;Landbouw
Maxiserve;Logistiek
Rhodes Furniture;Onderwijs
Atlas Architectural Designs;IT
Standard Brands Paint Company;Zorg
Gold Leaf Garden Management;Financien
Shoe Kicks;Handel
Gemco;Landbouw
Wealth Zone Group;Logistiek
Capitalcorp;IT
Gas Depot;Zorg
Warehouse Club, Inc.;Financien
Heilig-Meyers;Handel
Ellman's Catalog Showrooms;Horeca
10,000 Auto Parts;Landbouw
Sew-Fro Fabrics;Logistiek
Gottschalks;Onderwijs
Newmark & Lewis;Bouw
Edwards;Financien
Good Guys;Horeca
Rustler Steak House;Industrie
Reliable Guidance;Landbouw
Kiddie City;Onderwijs
Adaptabiz;IT
Blockbuster Music;Zorg
Grey Fade;Bouw
Maxi-Tech;Financien
Infinite Wealth Planners;Handel
The Flying Bear;Landbouw
Kelsey's Neighbourhood Bar & Grill;IT
Baltimore Markets;Financien
Bold Ideas;Handel
Ejecta;Horeca
Builders Square;Industrie
Maloley's Finer Foods;Landbouw
Mostow Co.;Logistiek
MacMarr Stores;Onderwijs
Veramons;Zorg
Jafco;Financien
Garden Master;Handel
d.e.m.o.;Horeca
Back To Basics Chiropractic Clinic;Industrie
MegaSolutions;Landbouw
Life Plan Counselling;Logistiek
Cut Rite Lawn Care;IT
Lee Wards;Zorg
Childs Restaurants;Financien
Highland Appliance;Horeca
Hudson's MensWear;Industrie
Coffey's Market;Onderwijs
GEX;IT
Music Den;Bouw
Nan Duskin;Financien
Total Network Development;Handel
Enviro Architectural Designs;Horeca
Prestiga-Biz;Industrie
Your Future Is Now;Landbouw
StopGrey;Logistiek
Hudson's MensWear;IT
Bay Furniture;Zorg
Just For Fun;Bouw
System Star Solutions;Financien
Strength Gurus;Horeca
Bountiful Harvest Health Food Store;Industrie
Schaak Electronics;Landbouw
Road Runner Lawn Services;Logistiek
Frame Scene;Onderwijs
Blue Boar Cafeterias;IT
Pro Property Maintenance;Zorg
The Lawn Guru;Bouw
Adaptas;Financien
Childrens Bargain Town;Horeca
Sunflower Market;Industrie
Vinyl Fever;Landbouw
Forum Cafeterias;Onderwijs
Crazy Eddie;IT
Life Map Planners;Bouw
Madcats Music & Books;Financien
Magik Lamp;Horeca
Independent Wealth Management;Industrie
Our Own Hardware;Logistiek
Asian Answers;Onderwijs
Liberty Wealth Planners;IT
Alladin Realty;Zorg
Gov Mart;Bouw
Road Runner Lawn Services;Financien
Orion;Handel
PriceRite Warehouse Club;Industrie
Poore Simon's;Landbouw
Simple Solutions;Logistiek
Red Bears Tavern;Onderwijs
Gemco;Zorg
10,000 Auto Parts;Financien
Atlas Architectural Designs;Horeca
Atlas Architectural Designs;Onderwijs
Listenin' Booth;IT
S&W Cafeteria;Bouw
Virgin Megastores;Financien
The White Rabbit;Handel
Anthony's;Industrie
Techo Solutions;Landbouw
Lionel Playworld;Logistiek
Dream Home Real Estate Service;Onderwijs
Accord Investments;IT
Childs Restaurants;Bouw
Fresh Start;Financien
The Independent Planners;Handel
Dun Rite Lawn Care;Horeca
Erlebacher's;Landbouw
Adaptabiz;Logistiek
The Serendipity Dip;Onderwijs
Brilliant Home Designs;IT
Strategy Planner;Horeca
Child World;Industrie
Golf Augusta Pro Shops;Landbouw
Creative Wealth;Logistiek
Montana's Cookhouse;Onderwijs
Joseph Magnin;IT
Paper Cutter;Zorg
Briazz;Bouw
Sam Goody;Financien
Fresh Start;Horeca
Quickbiz;Industrie
Rhodes Furniture;Landbouw
Landskip Yard Service;Logistiek
Harvest Foods;Onderwijs
Monk Real Estate Service;IT
VitaGrey;Zorg
Helping Hand;Bouw
Choices;Handel
Sistemos;Horeca
Oshman's;Industrie
Parts America;Landbouw
Weathervane;Logistiek
Total Yard Management;Onderwijs
Rogers Food Stores;Zorg
Omni Architectural Designs;Bouw
Tech Hifi;Financien
Discount Furniture Showcase;Handel
Star Interior Design;Horeca
Beasts of Beauty;Industrie
Champion Auto;Onderwijs
Bresler's Ice Cream;Zorg
Miller & Rhoads;Handel
Ideal Garden Management;Horeca
Smitty's Marketplace;Industrie
Four Leaf Clover;Logistiek
Cut Above;Onderwijs
Integra Wealth;IT
Rink's;Zorg
Baltimore Markets;Bouw
Destiny Realty;Handel
Music Plus;Horeca
Walt's IGA;Industrie
Nickerson Farms;Onderwijs
Big Bear Stores;Bouw
The Fox and Hound;Handel
Twin Food Stores;Horeca
Pacific Stereo;Industrie
DGS HomeSource;Landbouw
Acuserv;Logistiek
Wetson's;IT
Funtown toys;Zorg
Twin Electronics;Bouw
Woolf Brothers;Financien
Record & Tape Outlet;Handel
Record World;Horeca
L.L. Berger;Industrie
Enrich Garden Services;Landbouw
Modern Architecture Design;Logistiek
Asian Solutions;IT
Back To Basics Chiropractic Clinic;Financien
Monk Home Improvements;Handel
Family Toy;Horeca
Wetson's;Industrie
Gold Medal;Landbouw
Foot Quarters;Logistiek
Sandy's;IT
Pro Property Maintenance;Bouw
Future Plan;Financien
Dun Rite Lawn Care;Handel
Farrell's Ice Cream Parlour;Horeca
Formula Gray;Industrie
Team Designers and Associates;Landbouw
Liberty Wealth Planner;Logistiek
De Pinna;Onderwijs
Harold Powell;IT
Modern Architecture Design;Zorg
Intelacard;Bouw
Yesterday's Records;Financien
Judy's;Handel
Price Club;Horeca
Carl Durfees;Landbouw
Jackhammer Technologies;Onderwijs
J. B. Van Sciver;IT
Holly Tree Inn;Financien
Klopfenstein's;Handel
Weenie Beenie;Horeca
House Of Denmark;Landbouw
Henry's Hamburgers;Logistiek
LaBelle's;Onderwijs
Powerbod;IT
Media Play;Zorg
Great American Music;Bouw
Saturday Matinee;Horeca
Quality Realty Service;Industrie
Adapt;Landbouw
Two Pesos;Logistiek
Ellman's Catalog Showrooms;Onderwijs
Family Toy;IT
Fragrant Flower Lawn Services;Bouw
Jacob Reed and Sons;Financien
Magik Lamp;Handel
Hastings;Horeca
Body Fate;Industrie
Chatham;Onderwijs
Levitz Furniture;IT
HouseWorks!;Bouw
White Tower Hamburgers;Financien
Vitamax Health Food Center;Handel
Complete Tech;Landbouw
Dee's Drive-In;Logistiek
Circuit City;Onderwijs
Wheels Discount Auto;Zorg
Packer;Bouw
Gamma Realty;Financien
Keeney's;Handel
Discount Furniture Showcase;Horeca
Castle Realty;Industrie
Brooks Fashions;Landbouw
Reliable Investments;Logistiek
Fisher Foods;Zorg
Vitamax Health Food Center;Bouw
Avant Garde Appraisal Group;Financien
Environ Architectural Design;Handel
Zany Brainy;Industrie
Play Town;Landbouw
Naugles;Onderwijs
Earthworks Yard Maintenance;IT
Delchamps;Zorg
Egghead Software;Financien
Erol's;Handel
Mages;Horeca
First Choice Yard Help;Industrie
Plan Smart Partner;Landbouw
Childrens Bargain Town;Logistiek
Landskip Yard Service;IT
Adapt;Zorg
Standard Sales;Handel
Trak Auto;Horeca
Pantry Food Stores;Industrie
Gallenkamp;Logistiek
Dun Rite Lawn Maintenance;IT
Gold Medal;Zorg
Lechmere;Bouw
Life Map;Handel
Muscle Factory;Horeca
Crown Books;Industrie
Wherehouse Music;Logistiek
Food Mart;Onderwijs
Endicott Johnson;IT
Gamma Realty;Handel
Kelsey's Neighbourhood Bar & Grill;Horeca
Golden's Distributors;Landbouw
Asiatic Solutions;Logistiek
Forest City;Onderwijs
Lawnscape Garden Maintenance;IT
Happy Family;Bouw
Steinberg's;Financien
Good Times;Handel
Realty Solution;Horeca
Rich and Happy;Industrie
Gemco;Onderwijs
Griff's Hamburgers;IT
Montana's Cookhouse;Zorg
Dick Fischers;Bouw
FlowerTime;Handel
The Warner Brothers Store;Horeca
Childrens Bargain Town;Industrie
Pacific Stereo;Landbouw
J. Riggings;Logistiek
The Flying Hippo;Onderwijs
Stratapro;IT
Standard Sales;Zorg
Payless Cashways;Bouw
GEX;Financien
Benesome;Handel
Golden's Distributors;Industrie
Wellby;Landbouw
Just For Fun;Logistiek
China Coast;IT
Quality Merchant Services;Zorg
Britling Cafeterias;Bouw
Schweggmanns;Financien
Omni Architectural Designs;Handel
Licorice Pizza;Horeca
W. Bell & Co.;Industrie
Nutri G;Landbouw
Quality Realty Service;Onderwijs
Angel's;Zorg
Dave Cooks;Financien
Creative Wealth;Horeca
Heilig-Meyers;Landbouw
Garden Guru;Logistiek
Belle Lady;Onderwijs
DGS VolMAX;IT
Century House;Zorg
Hamady Bros. Supermarkets;Bouw
Harold Powell;Financien
Independent Wealth Management;Handel
Turtle's Records & Tapes;Horeca
Canal Villere;Industrie
Big Daddy's Restaurants;Landbouw
Sherman's;Onderwijs
Wholesale Club, Inc.;IT
Intelli Wealth Group;Zorg
Pay'N Takeit;Financien
Wild Oats Markets;Handel
Wetson's;Horeca
Freedom Map;Logistiek
Aaronson Furniture;Onderwijs
Protean;IT
Reliable Garden Management;Zorg
Beasts of Beauty;Bouw
Tweeter;Financien
Oshman's;Handel
Strong Life;Horeca
Carter's Foods;Landbouw
Hudson's MensWear;Logistiek
Eisner Food Stores;Onderwijs
Sam Goody;IT
Coconut's;Zorg
Reliable Garden Management;Bouw
Life's Gold;Financien
Action Auto;Handel
Shoe Town;Horeca
Sistemos;Industrie
Beasts of Beauty;Landbouw
Romp;Logistiek
Star Interior Design;Onderwijs
Cavages;Zorg
Camelot Music;Handel
Hughes & Hatcher;Industrie
Mighty Casey's;Landbouw
Sportmart;Onderwijs
Price Savers;IT
Cut Above;Zorg
Quickbiz;Bouw
Helping Hand;Financien
Northern Star;Handel
Freedom Map;Landbouw
Krauses Sofa Factory;Logistiek
Walt's IGA;Onderwijs
Sherman's;Zorg
Clemens Markets;Bouw
Twin Electronics;Financien
Indiewealth;Handel
Western Auto;Horeca
Western Auto;Industrie
Montana's Cookhouse;Landbouw
Red Baron Electronics;Logistiek
Angel's;Onderwijs
Sports Unlimited;IT
Janeville;Bouw
d.e.m.o.;Financien
Builderama;Horeca
Harmony House;Industrie
Veramons;Landbouw
Pantry Pride;Logistiek
Handy Andy;Onderwijs
Waccamaw Pottery;IT
The Wiz;Zorg
National Record Mart;Horeca
Piece Goods Fabric;Industrie
Warshal's;Landbouw
Schweggmanns;Logistiek
Borders Books;Onderwijs
Gas Zone;IT
Avant Garde Appraisal;Zorg
Consumers Food and Drug;Bouw
Pro-Care Garden Maintenance;Financien
Central Hardware;Landbouw
Complete Tech;Logistiek
Pearl Architectural Design;Onderwijs
Present Company;Zorg
Rainbow Life;Bouw
Monmax;Handel
Xray Eye & Vision Clinics;Horeca
Total Sources;Industrie
Levitz Furniture;Landbouw
Robert Hall;Logistiek
Landskip Yard Care;Onderwijs
Geri's Hamburgers;IT
Ideal Garden Maintenance;Zorg
Price Savers;Handel
Morrie Mages;Horeca
Aaronson Furniture;Industrie
Allied Radio;Landbouw
First Rate Choice;Logistiek
Glicks Furniture;Onderwijs
Security Sporting Goods;Bouw
Asian Fusion;Financien
Marianne;Handel
The White Swan;Horeca
Pearl Architectural Design;Industrie
A+ Electronics;Onderwijs
Noodle Kidoodle;Zorg
Honest Air Group;Bouw
Universal Design Partners;Handel
Mr. Good Buys;Horeca
Asian Plan;Industrie
Magna Architectural Design;Landbouw
Shabby Chic;Logistiek
Allied Radio;IT
Purity Supreme;Zorg
Brown Derby;Bouw
Hoyden;Handel
On Cue;Industrie
Laura Ashley;Logistiek
Tweeter;Onderwijs
Happy Bear Investment;IT
Jay Jacobs;Financien
Steve & Barry's;Handel
On Cue;Onderwijs
Waves Music;IT
Prahject Planner;Zorg
Zantigo;Bouw
Rustler Steak House;Financien
LoRay;Handel
Present Company;Horeca
Intelli Wealth Group;Landbouw
Red Owl;Zorg
Multicerv;Financien
Quality Event Planner;Handel
Architectural Genie;Horeca
Pak and Save;Industrie
Thalhimers;Landbouw
Piece Goods Fabric;Onderwijs
Ellman's Catalog Showrooms;IT
Karl's Shoes;Zorg
Fellowship Investments;Bouw
Planetbiz;Financien
Henry's;Handel
Sound Advice;Industrie
Strongbod;Logistiek
John F. Lawhon;Onderwijs
Super Shops;Zorg
Stratabiz;Bouw
Sunflower Market;Financien
A.J. August Fashion Wear;Handel
Dreamscape Garden Care;Landbouw
Practi-Plan;Onderwijs
Cal Stereo;IT
Circuit Design;Zorg
Thompson;Bouw
Family Toy;Financien
Crazy Tiger;Handel
La Petite Boulangerie;Landbouw
Sun Foods;Logistiek
Shoe Pavilion;IT
Pointers;Zorg
Olson's Market;Bouw
Solution Realty;Financien
Omni Source;Horeca
Beefsteak Charlie's;Logistiek
Bresler's Ice Cream;Onderwijs
Mission You;IT
Sure Save;Zorg
Lum's;Financien
Liberty Wealth Planner;Handel
Sammy's Record Shack;Horeca
Life's Gold;Industrie
Egghead Software;Logistiek
Buttrey Food & Drug;Onderwijs
Adaptaz;Zorg
Coconut's;Financien
Total Yard Management;Handel
KG Menswear;Horeca
Sav-A-Center;Landbouw
Bonanza Produce Stores;Logistiek
Huffman and Boyle;Onderwijs
H.C. Bohack;IT
Mighty Casey's;Zorg
Custom Lawn Care;Bouw
New World;Financien
New World;Handel
Sanitary Grocery Stores;Landbouw
Martin's;Logistiek
Cherry & Webb;Onderwijs
Media Play;IT
Edge Garden Services;Zorg
Official All Star Café;Bouw
Spaceage Stereo;Handel
Home Quarters Warehouse;Horeca
McMahan's Furniture;Industrie
Mode O'Day;Landbouw
Ole's;Onderwijs
Yesterday's Records;IT
Stratabiz;Zorg
The Flying Bear;Bouw
Gamble-Skogmo;Financien
Western Auto;Handel
Morville;Horeca
Crown Auto Parts;Industrie
Odyssey Records & Tapes;Landbouw
Mars Music;Logistiek
Camelot Music;Onderwijs
Big Bear Stores;IT
Netaid;Zorg
Odyssey Records & Tapes;Financien
Plan Future;Handel
Country Club Markets;Horeca
Wag's;Industrie
Schucks Auto Supply;Landbouw
Sunny Real Estate Investments;Logistiek
Gino's Hamburgers;Onderwijs
Mission G;IT
Shoe Pavilion;Zorg
David Weis;Handel
Cardinal Stores;Horeca
Vari-Tec;Industrie
Pace Membership Warehouse;Landbouw
Deco Refreshments, Inc.;Logistiek
Dreamscape Garden Care;Zorg
Alert Alarm Company;Bouw
New World Realty;Financien
Gino's Hamburgers;Handel
Fragrant Flower Lawn Services;Horeca
Cherry & Webb;Industrie
LoRay;Landbouw
J. Brannam;Onderwijs
Reliable Guidance;IT
Titania;Bouw
Heilig-Meyers;Financien
Stratabiz;Handel
Crown Auto Parts;Horeca
Giant Open Air;Industrie
Mansmann's Department Store;Landbouw
Museum Company;Logistiek
Total Quality;Onderwijs
Steve & Barry's;Bouw
Fradkin Brothers Furniture;Financien
Foxmoor;Handel
Stratapro;Landbouw
Eli Moore Inc;Logistiek
Quality Merchant Services;Onderwijs
Good Times;IT
Zany Brainy;Zorg
Keeney's;Financien
Sambo's;Handel
Dave Cooks;Industrie
Tweeter;Landbouw
American Wholesale Club;Logistiek
Sportswest;Onderwijs
Bay Furniture;IT
Grossman's;Zorg
Electronic Geek;Financien
Anthony's;Handel
Avant Garde Appraisal;Horeca
Waves Music;Industrie
Franklin Music;Landbouw
Netstars Matrix Design;Logistiek
Reliable Investments;Onderwijs
Adaptabiz;Zorg
All Wound Up;Bouw
Buttrey Food & Drug;Financien
Purity Supreme;Handel
Parade of Shoes;Horeca
Rustler Steak House;Logistiek
Eagle Hardware & Garden;Onderwijs
Yesterday's Records;Zorg
Henry's;Bouw
Galaxy Man;Financien
Gas Depot;Horeca
John Plain;Industrie
Price's Electronics;Landbouw
Best Products;Logistiek
S&W Cafeteria;Onderwijs
Consumers and Consumers Express;IT
LoRay;Zorg
Peaches;Bouw
Multi Tech Development;Handel
Big Apple;Horeca
Rex Audio Video Appliance;Industrie
Fedco;Logistiek
Loblaws;IT
Sunny Real Estate Investments;Zorg
Bettendorf's;Bouw
Frame Scene;Financien
Quickbiz;Handel
Awthentikz;Horeca
Dahlkemper's;Industrie
Zephyr Investments;Landbouw
Shoe Kicks;Bouw
Warshal's;Financien
Williams Bros.;Handel
Monk Real Estate Service;Horeca
Foxmoor;Industrie
Lee Wards;Landbouw
Parts America;Logistiek
Circus World;Onderwijs
Chi-Chi's;IT
Indiewealth;Bouw
The Lawn Guru;Handel
Parts and Pieces;Horeca
Fayva;Industrie
Federated Group;Onderwijs
Architectural Genie;Zorg
Nobil;Financien
Mostow Co.;Handel
LoRay;Horeca
Funtown toys;Logistiek
Weingarten's;Onderwijs
Raleigh's;IT
Chi-Chi's;Zorg
Leonard Krower & Sons;Handel
Sew-Fro Fabrics;Horeca
Matrix Architectural Service;Landbouw
Plan Smart Partner;Logistiek
Northern Star;Onderwijs
Robert Hall;IT
On Cue;Zorg
One-Up Realty;Bouw
Crown Auto Parts;Financien
Children's Palace;Handel
Realty Depot;Horeca
Mr. D's IGA;Industrie
Present Company;Logistiek
Martin's;Onderwijs
Rickel;IT
Price Club;Zorg
The Royal Canadian Pancake Houses;Financien
Castro Convertibles;Handel
A.J. August Fashion Wear;Horeca
Suncoast Video;Industrie
Muirhead's;Zorg
La Petite Boulangerie;Bouw
Kleinhans;Handel
Rainbow Bay Crafts;Landbouw
Virgin Megastores;Onderwijs
Body Fate;Zorg
Star Merchant Services;Bouw
House Works;Financien
Spaceage Stereo;Industrie
Laughner's Cafeteria;Landbouw
Webcom Business Services;Logistiek
Royal Gas;IT
Gene Walter's Marketplace;Zorg
Finast;Bouw
Jacobs;Financien
Chess King;Horeca
Ejecta;Industrie
Omni Tech;Landbouw
Super Saver Foods;Onderwijs
Muirhead's;IT
Royal Gas;Zorg
Success Is Yours;Bouw
Castle Realty;Handel
Steve's Ice Cream;Horeca
Master Builder Design Services;Industrie
Sportswest;Landbouw
Wise Appraisals;Logistiek
Opti-Tek;Onderwijs
Netobill;IT
Kent's;Bouw
Raleigh's;Industrie
id Boutiques;Landbouw
Seamans Furniture;Logistiek
JasmineSola;Onderwijs
Disc Jockey;IT
The Flying Bear;Zorg
Record Town;Handel
Liberal;Horeca
Kiddie City;Industrie
Techo Solutions;Onderwijs
Sew-Fro Fabrics;IT
Bumper to Bumper Auto Parts;Bouw
Murray's Discount Auto Stores;Handel
Cherry & Webb;Horeca
Castro Convertibles;Industrie
Strength Gurus;Onderwijs
Thorofare;Zorg
Adapt;Bouw
Steak and Ale;Handel
Asiatic Solutions;Horeca
Channel Home Centers;Industrie
Albers Super Markets;Landbouw
Specialty Restaurant Group;IT
The Network Chef;Zorg
Shabby Chic;Bouw
Standard Brands Paint Company;Financien
Magna Gases;Handel
MagnaSolution;Industrie
A. L. Price;Landbouw
Ulbrich's;Logistiek
Integra Investment Plan;Zorg
Pay 'N Pak;Bouw
The White Swan;Financien
Office Warehouse;Handel
Hoyden;Horeca
Happy Bear Investment;Landbouw
Century House;Logistiek
Funtown toys;Onderwijs
Access Asia;IT
Hastings;Bouw
KB Toys;Financien
Magik Gray;Handel
World Radio;Horeca
Forth & Towne;Industrie
Edge Garden Services;Logistiek
The White Rabbit;Onderwijs
Widdmann;IT
Twin Food Stores;Zorg
Gamma Gas;Bouw
Kessel Food Market;Handel
Magna Wealth;Horeca
Allied City Stores;Industrie
Steve's Ice Cream;Landbouw
Rink's;Logistiek
Burger Chef;Onderwijs
Grand Union;Zorg
Coffey's Market;Bouw
Vinyl Fever;Handel
FamilyMart;Horeca
Big Bear Stores;Industrie
Netstars Matrix Design;Landbouw
Ernst Home Centers;Onderwijs
Steak and Ale;Zorg
Brooks Fashions;Bouw
Gantos;Financien
Playworld;Horeca
Techo Solutions;Industrie
Golden Joy;Landbouw
Superior Appraisals;Logistiek
William Wanamaker & Sons;Onderwijs
Avant Garde Appraisal Group;IT
Griff's Hamburgers;Zorg
Coast to Coast Hardware;Bouw
Chandler's;Handel
Ole's;Horeca
Henry's;Industrie
Record World;Landbouw
Capitalcorp;Logistiek
Chase Pitkin;Onderwijs
Farrell's Ice Cream Parlour;IT
Golden's Distributors;Bouw
Vinyl Fever;Financien
Awthentikz;Handel
Edge Yard Service;Industrie
Belle Lady;Landbouw
Parklane Hosiery;Logistiek
Grey Fade;Onderwijs
Allied City Stores;IT
The High Heelers;Zorg
Total Sources;Bouw
Pro Yard Services;Horeca
Isaly's;Landbouw
First Choice Garden Maintenance;Logistiek
Leonard Krower & Sons;Zorg
Realty Solution;Bouw
Sofa Express;Horeca
Cala Foods;Landbouw
Witmark;Logistiek
Buena Vista Realty Service;Onderwijs
Waccamaw Pottery;Zorg
Formula Grey;Bouw
Century House;Financien
Integra Wealth Planners;Industrie
Northern Reflections;Landbouw
d.e.m.o.;Logistiek
Farmer Jack;Onderwijs
L' Fish;Zorg
McDuff;Bouw
Pomeroy's;Handel
Flagg Bros. Shoes;Industrie
Integra Investment Plan;Landbouw
Fisher Foods;Onderwijs
Newhair;IT
Levitz Furniture;Zorg
Ransohoffs;Bouw
Konsili;Handel
Steinberg's;Industrie
Adaptabiz;Landbouw
Intelacard;Logistiek
The Record Shops at TSS;Onderwijs
Acuserv;IT
System Star;Zorg
Turtle's Records & Tapes;Bouw
Quality Merchant Services;Horeca
Body Toning;Industrie
Tower Records;Landbouw
Xray Eye & Vision Clinics;IT
MegaSolutions;Zorg
Friendly Advice;Financien
Widdmann;Industrie
Chi-Chi's;Landbouw
The Happy Bear;Logistiek
Kinney Shoes;Onderwijs
Naugles;Zorg
Garden Guru;Financien
Sew-Fro Fabrics;Handel
Sky High Financial Advice;Horeca
Auto Works;Industrie
Integra Wealth Planners;Landbouw
Cut Rite;Logistiek
Warehouse Club, Inc.;Onderwijs
Laughner's Cafeteria;IT
Atlas Realty;Zorg
Cougar Investment;Bouw
Laura Ashley;Handel
Kessel Food Market;Horeca
China Coast;Industrie
Monit;Logistiek
Better Business Ideas and Services;Onderwijs
Strongbod;IT
Crandall's Fine Furniture;Financien
Complete Tech;Handel
Silo;Horeca
Earthworks Garden Kare;Industrie
Kleinhans;Landbouw
Realty Depot;Onderwijs
Pender's Food Stores;IT
Shabby Chic;Zorg
Delchamps;Bouw
Solid Future;Handel
Glicks Furniture;Landbouw
Music Den;Logistiek
Kids Mart;Onderwijs
Schweggmanns;IT
Rainbow Life;Zorg
Lee Wards;Financien
Tweeter;Horeca
Mikrotechnic;Logistiek
Atlas Realty;IT
David Weis;Zorg
Harold Powell;Bouw
House 2 Home;Financien
Maurice The Pants Man;Handel
Maxiserve;Horeca
Soft Warehouse;Industrie
Spaceage Stereo;Landbouw
Scotty's Builders Supply;Logistiek
De-Jaiz Mens Clothing;IT
The Happy Bear;Zorg
Bountiful Harvest Health Food Store;Bouw
Capitalcorp;Handel
Earl Abel's;Horeca
System Star;Industrie
Anderson-Little;Landbouw
Merry-Go-Round;Zorg
First Rate Choice;Bouw
Rainbow Bay Crafts;Financien
Monk House Sales;Horeca
Harvest Foods;Industrie
Larry's Markets;Landbouw
Advansed Teksyztems;Logistiek
Earthworks Garden Kare;Financien
Club Wholesale;Handel
Cloth World;Horeca
Lionel Playworld;Industrie
Tech Hifi;IT
Chess King;Financien
Grade A Investment;Handel
Purity Supreme;Industrie
Ideal Garden Management;Logistiek
Brilliant Home Designs;Onderwijs
McMahan's Furniture;Zorg
De Pinna;Bouw
Huffman and Boyle;Financien
Plan Smart;Handel
Food Mart;Horeca
House Works;Logistiek
Paul's Food Mart;Onderwijs
Superior Appraisals;IT
Buena Vista Garden Maintenance;Bouw
Erlebacher's;Horeca
McDuff;Industrie
The Wiz;Landbouw
Beaver Lumber;Logistiek
Dream Home Improvements;Onderwijs
Specific Appraisals;Financien
Omni Realty;Handel
Rainbow Bay Crafts;Horeca
Quest Technology Service;Industrie
HomeBase;Landbouw
J. K. Gill Company;Logistiek
Music Boutique;Onderwijs
Crazy Eddie;Bouw
Pro Garden Management;Horeca
Nelson Brothers;Industrie
Miller & Rhoads;Landbouw
Kenny Rogers Roasters;Logistiek
Personal & Corporate Design;Onderwijs
The Serendipity Dip;IT
Chargepal;Financien
Carrols Restaurant Group;Handel
Complete Tech;Horeca
Mervyn's;Industrie
Pro Property Maintenance;Landbouw
Carter's Foods;Logistiek
Platinum Interior Design;IT
KB Toys;Zorg
Terra Nova Garden Services;Bouw
Music Plus;Financien
Baltimore Markets;Handel
Del Farm;Horeca
Red Owl;Industrie
Cut Rite Lawn Care;Landbouw
d.e.m.o.;IT
Accord Investments;Zorg
Food Barn;Handel
Rink's;Horeca
Shoe Pavilion;Industrie
White Tower Hamburgers;Landbouw
Mikro Designs;Logistiek
Adray;Onderwijs
Unity Stationers;Bouw
Practi-Plan;Horeca
Nan Duskin;Industrie
Griff's Hamburgers;Landbouw
Weenie Beenie;Logistiek
Irving's Sporting Goods;IT
Super Place;Zorg
Gene Walter's Marketplace;Bouw
Back To Basics Chiropractic Clinic;Handel
Alladin's Lamp;Horeca
Red Bears Tavern;Industrie
Wealth Zone Group;Landbouw
Rogers Food Stores;IT
Foreman & Clark;Zorg
CSK Auto;Bouw
Carl Durfees;Handel
Super Saver Foods;Landbouw
Saturday Matinee;Logistiek
G.I. Joe's;Onderwijs
Clemens Markets;Zorg
Asian Junction;Bouw
Compact Disc Center;Financien
Monit;Handel
Sky High Financial Advice;Industrie
Young @ Heart;Landbouw
Red Food;Logistiek
Warshal's;Onderwijs
House 2 Home;Zorg
Kragen Auto Parts;Bouw
The High Heelers;Handel
The Record Shops at TSS;Industrie
J. Riggings;Landbouw
Steak and Ale;Logistiek
House 2 Home;Onderwijs
Walt's IGA;Handel
Action Auto;Horeca
Pointers;Logistiek
Vinyl Fever;Onderwijs
Canal Villere;Zorg
AM/PM Camp;Bouw
Chargepal;Handel
Omni Tech;Horeca
Builderama;Landbouw
Oshman's;Logistiek
Buckeye Furniture;IT
Modern Architecture Design;Horeca
The Great Train Stores;Landbouw
Terra Nova Garden Services;Onderwijs
Weenie Beenie;IT
Singer Lumber;Zorg
W. Bell & Co.;Bouw
Handy Andy Home Improvement Center;Financien
The Record Shops at TSS;Handel
A+ Electronics;Industrie
Square Circle;Landbouw
EnviroSource Design;Logistiek
La Petite Boulangerie;IT
L.L. Berger;Zorg
Star Bright Investment Group;Bouw
Eagle Hardware & Garden;Financien
Clemens Markets;Industrie
Deco Refreshments, Inc.;Landbouw
Star Merchant Services;Logistiek
Lionel Kiddie City;Onderwijs
Solution Realty;Bouw
LaBelle's;Handel
Gino's Hamburgers;Industrie
Eagle Food Centers;Logistiek
Handy Dan;Onderwijs
Rex Audio Video Appliance;IT
Peter Reeves;Financien
Reliable Guidance;Handel
Paul Harris;Horeca
Solution Realty;Landbouw
Team Uno;Onderwijs
Super Shops;IT
Mighty Casey's;Bouw
Techo Solutions;Handel
Solution Bridge;Horeca
Big Daddy's Restaurants;Industrie
Licorice Pizza;Landbouw
TheBottomHalf;Onderwijs
Parklane Hosiery;IT
Rogers Peet;Zorg
Bugle Boy;Handel
Brilliant Home Designs;Horeca
Simple Solutions;Industrie
Gold Leaf Garden Management;Landbouw
Las Vegas Yard Management;Logistiek
Lazysize;Onderwijs
Hastings;Financien
Friendly Advice;Handel
Warshal's;Horeca
Wilson's Jewelers;Industrie
Infinite Wealth;Logistiek
Multi Tech Development;Onderwijs
Trak Auto;Bouw
Life Map Planners;Financien
Magna Consulting;Handel
Waccamaw Pottery;Horeca
Merry-Go-Round;Industrie
Lionel Playworld;Landbouw
Complete Tech;Onderwijs
Hollywood Video;IT
Harold Powell;Zorg
Dahlkemper's;Bouw
Janeville;Handel
Williams Bros.;Horeca
Omni Tech Solutions;Landbouw
Burger Chef;Logistiek
Wherehouse Music;Onderwijs
Sportswest;IT
Infinity Investment Plan;Zorg
Powerbod;Financien
Parts and Pieces;Handel
Bell Markets;Horeca
Waves Music;Landbouw
Avant Garde Appraisal Group;Onderwijs
The Polka Dot Bear Tavern;Zorg
Britches of Georgetown;Bouw
Endicott Johnson;Financien
Freedom Map;Handel
Bonanza Produce Stores;Horeca
Paper Cutter;Industrie
Parade of Shoes;Logistiek
Eisner Food Stores;IT
Piccolo Mondo;Bouw
Grey Fade;Handel
Ardan's;Industrie
Movie Gallery;Landbouw
Mars Music;Bouw
Zephyr Investments;Handel
Wholesale Club, Inc.;Industrie
Skaggs-Alpha Beta;Logistiek
Your Choices;Onderwijs
Starship Tapes & Records;IT
Team Uno;Zorg
Team Designers and Associates;Bouw
Full Color;Handel
Robert Hall;Horeca
The Network Chef;Industrie
Asian Junction;Logistiek
Handy Andy Home Improvement Center;Zorg
Incredible Universe;Bouw
Netcom Business Services;Financien
VitaGrey;Handel
Hoyden;Industrie
Asian Fusion;Logistiek
Finast;Onderwijs
Plan Smart;IT
Tam's Stationers;Zorg
Mission Realty;Bouw
Kenny Rogers Roasters;Financien
Borders Books;Handel
Adaptaz;Horeca
Super Shops;Industrie
Big Apple;Landbouw
Bell Markets;Logistiek
Greyvoid;IT
Quality Event Planner;Zorg
Childrens Bargain Town;Financien
Belle Ladi;Industrie
Pay'N Takeit;Landbouw
Beasts of Beauty;Logistiek
Honest Air Group;Onderwijs
Stratapro;Zorg
Netcore;Bouw
Magik Gray;Financien
McDuff;Handel
Prestigabiz;Landbouw
Gottschalks;Logistiek
Paul's Record Hut;Onderwijs
Afforda Merchant Services;IT
Realty Depot;Zorg
Karl's Shoes;Bouw
Burstein-Applebee;Financien
Tam's Stationers;Handel
The Sample;Horeca
Ole's;Landbouw
Super Shops;Onderwijs
Monk Home Funding Services;Zorg
Gold Medal;Bouw
Chase Pitkin;Financien
Weenie Beenie;Handel
Sherman's;Horeca
Erol's;Industrie
Good Guys;Landbouw
Big Bear Stores;Logistiek
Littler's;Onderwijs
Country Club Markets;IT
Edge Yard Service;Financien
Zantigo;Handel
Infinite Wealth Planners;Horeca
Red Fox Tavern;Industrie
O.K. Fairbanks;Landbouw
Central Hardware;Logistiek
Wealth Zone Group;Onderwijs
The Lawn Guru;Zorg
Coon Chicken Inn;Bouw
Landskip Yard Service;Financien
Vitagee;Horeca
Home Centers;Industrie
Giant Open Air;Landbouw
Wherehouse Music;IT
Asian Junction;Zorg
Pro Yard Services;Bouw
Practi-Plan;Financien
Happy Bear Investment;Handel
Rossi Auto Parts;Onderwijs
Turtle's Records & Tapes;Zorg
Solution Answers;Financien
Muirhead's;Handel
Montana's Cookhouse;Horeca
Destiny Realty;Industrie
Singer Lumber;Landbouw
Ukrop's Super Market;Logistiek
Hamady Bros. Supermarkets;Onderwijs
Benesome;IT
Security Sporting Goods;Zorg
Shoe Pavilion;Bouw
Hamady Bros. Supermarkets;Financien
McDade's;Handel
Pearl Architectural Design;Horeca
Jay Jacobs;Logistiek
Purity;Onderwijs
Cut Above;IT
Megatronic;Horeca
Hit or Miss;Industrie
China Coast;Onderwijs
Simply Appraisals;IT
Earthworks Garden Kare;Bouw
Mars Music;Financien
Magik Gray;Industrie
Patterson-Fletcher;Logistiek
Chief Auto Parts;Onderwijs
G.I. Joe's;Zorg
Solid Future;Financien
The Wiz;Industrie
Ideal Garden Maintenance;Logistiek
Hughes & Hatcher;IT
National Lumber;Zorg
Tower Records;Financien
Leo's Stereo;Handel
Electronics Source;Horeca
Elm Farm;Logistiek
AM/PM Camp;Onderwijs
Raleigh's;Zorg
Netstars Matrix Design;Bouw
Colonial Stores;Financien
id Boutiques;Handel
Richman Brothers;Landbouw
Pak and Save;Logistiek
Paul's Food Mart;IT
Unity Frankford Stores;Bouw
Nickerson Farms;Horeca
Giant;Industrie
Life's Gold;Landbouw
Clemens Markets;Onderwijs
Henry's;IT
Laura Ashley Mother & Child;Handel
Borders Books;Horeca
Grodins;Industrie
Universal Design Partners;Logistiek
Jitney Jungle;Onderwijs
Netcore;IT
Pace Membership Warehouse;Zorg
Schaak Electronics;Bouw
Pak and Save;Financien
Creative Wealth Management;Handel
Gold Leaf Garden Management;Horeca
Fayva;Logistiek
Asian Answers;IT
Sholl's Colonial Cafeteria;Zorg
Freedom Map;Bouw
Formula Grey;Financien
Strength Gurus;Handel
Franklin Simon;Industrie
Food Barn;Logistiek
Netcore;Onderwijs
Herman's World of Sporting Goods;IT
Wherehouse Music;Bouw
All Wound Up;Industrie
Terra Nova Garden Services;Landbouw
Holly Tree Inn;Logistiek
Freedom Map;IT
Opticomp;Bouw
Chandler's;Financien
Rich and Happy;Handel
Cut Rite Lawn Care;Horeca
Olson's Market;Industrie
Coast to Coast Hardware;Landbouw
Liberty Wealth Planners;Logistiek
Hanover Shoe;Onderwijs
Affinity Investment Group;IT
Evans;Zorg
Gas Depot;Bouw
Purity Supreme;Financien
Federated Group;Handel
Official All Star Café;Horeca
Peaches;Industrie
Big Star Markets;Landbouw
New World;IT
Millenia Life;Bouw
K&G Distributors;Financien
Superior Interactive;Handel
Martin's;Horeca
Paul's Food Mart;Logistiek
On Cue;IT
Judy's;Zorg
Earl Abel's;Financien
Mission G;Handel
Bay Furniture;Horeca
Britches of Georgetown;Industrie
Ulbrich's;Landbouw
You Are Successful;Logistiek
Specific Appraisals;Zorg
Fit Tonic;Bouw
Prestiga-Biz;Financien
William Wanamaker & Sons;Horeca
Vitamax Health Food Center;Landbouw
Canal Villere;Onderwijs
Opticomp;IT
Sav-A-Center;Zorg
Ulbrich's;Handel
Integra Wealth Planners;Horeca
Finast;Industrie
Lazysize;Landbouw
Access Asia;Bouw
Laura Ashley Mother & Child;Financien
Richman Brothers;Horeca
Young @ Heart;Industrie
Custom Lawn Service;Logistiek
Oshman's;IT
Thriftway Food Mart;Zorg
Gemco;Financien
Tons O' Toys;Horeca
Magna Consulting;Industrie
Nutri G;Logistiek
Incluesiv;IT
Weatherill's;Zorg
Monk Real Estate Service;Handel
Monk House Sales;Landbouw
Keeney's;Logistiek
Omni Source;Onderwijs
Del Farm;Zorg
Music Boutique;Bouw
Judy's;Financien
Sounds Great, Inc;Handel
Star Interior Design;Landbouw
Henry's;Logistiek
Furrow's;Onderwijs
New World Realty;Bouw
Sammy's Record Shack;Financien
Hills Supermarkets;Horeca
Stratapro;Industrie
Total Network Development;Landbouw
JumboSports;IT
Flagg Bros. Shoes;Zorg
Eisner Food Stores;Bouw
Veramons;Handel
Rack N Sack;Industrie
Vari-Tec;Logistiek
Waccamaw's Homeplace;Onderwijs
The Happy Bear;IT
Listen Up;Zorg
Security Sporting Goods;Industrie
Gart Sports;Landbouw
Walt's IGA;Logistiek
Techo Solutions;IT
Canal Villere;Financien
Joseph Magnin;Horeca
Protean;Industrie
Copeland Sports;Zorg
Plan Future;Bouw
Jitney Jungle;Financien
Pro Garden Management;Handel
Buttrey Food & Drug;Horeca
Sun Television and Appliances;Landbouw
Sportmart;Logistiek
Crown Books;Onderwijs
McMahan's Furniture;Bouw
Fedco;Financien
Total Quality;Horeca
Town and Country Convenience Stores;Industrie
First Choice Yard Help;Landbouw
Castro Convertibles;Onderwijs
Afforda;IT
Earl Abel's;Zorg
Magna Consulting;Bouw
Hills Supermarkets;Financien
Susie's Casuals;Horeca
McDade's;Landbouw
HomeBase;Onderwijs
Corinthian Designs;Bouw
Sambo's;Financien
Strategy Planner;Handel
Pro Star Garden Management;Horeca
Express Merchant Service;Landbouw
Quality Merchant Services;Logistiek
Intelli Wealth Group;Onderwijs
Gart Sports;Zorg
Crown Books;Bouw
Mission Realty;Financien
Channel Home Centers;Horeca
Jafco;Landbouw
Matrix Interior Design;Logistiek
Micro Design;IT
Price's Electronics;Zorg
Al's Auto Parts;Bouw
Infinite Wealth Planners;Financien
Mr. Good Buys;Handel
Macroserve;Horeca
Service Merchandise;Logistiek
Sampson's;Onderwijs
Tam's Stationers;IT
Scotty's Builders Supply;Bouw
Linens 'n Things;Financien
Dee's Drive-In;Handel
Parklane Hosiery;Industrie
Modern Realty;Landbouw
Quality Event Planner;Logistiek
Independent Investors;Onderwijs
Nedick's;IT
Dave Cooks;Zorg
Fedco;Bouw
Brilliant Home Designs;Financien
Strawberries;Handel
Jewel Mart;Horeca
Adaptas;Onderwijs
Today's Man;Bouw
Block Distributors;Handel
Dream Home Real Estate Service;Industrie
Laneco;Landbouw
Sambo's;Logistiek
Singer Lumber;Bouw
Cut Above;Financien
Witmark;Handel
Mikrotechnic;Landbouw
Crown Books;Logistiek
Sofa Express;Onderwijs
J. K. Gill Company;IT
Sambo's;Bouw
Oshman's;Financien
Lawnscape Garden Maintenance;Handel
Bodega Club;Horeca
Corinthian Designs;Industrie
Flexus;Landbouw
Great American Music;Logistiek
York Steak House;IT
MVP Sports;Zorg
Standard Sales;Bouw
Landskip Yard Care;Financien
Angel's;Handel
Littler's;Horeca
Tianguis;Industrie
Today's Man;Landbouw
Frank's Nursery & Crafts;Logistiek
Tradewell;Onderwijs
The Warner Brothers Store;IT
Perisolution;Zorg
Modern Realty;Financien
Profitpros;Handel
Big Wheel;Horeca
Seamans Furniture;Landbouw
Plan Smart;Logistiek
Playworld;IT
Expo Superstore;Bouw
Gallenkamp;Handel
Second Time Around;Horeca
Target Realty;Industrie
Buttrey Food & Drug;Logistiek
Red Food;IT
Realty Solution;Zorg
Planet Pizza;Bouw
Tee Town;Financien
STM Auto Parts;Handel
Castro Convertibles;Horeca
Casual Corner;Industrie
Monk Home Funding Services;Landbouw
Lindsley's Lumber;Logistiek
Whitlocks Auto Supply;IT
Aaronson Furniture;Bouw
Karl's Shoes;Financien
White Hen Pantry;Horeca
Sammy's Record Shack;Industrie
Paul's Food Mart;Landbouw
Druther's;Onderwijs
Casa Bonita;Zorg
Herman's World of Sporting Goods;Bouw
Nedick's;Handel
Shoe Kicks;Horeca
Aaronson Furniture;Landbouw
Hit or Miss;Logistiek
House of Gas;Onderwijs
Stratacard;IT
Gas Zone;Zorg
Tee Town;Bouw
Millenia Life;Horeca
Megatronic;Onderwijs
Record Town;IT
Netaid;Bouw
Powerbod;Horeca
Albers Super Markets;Industrie
Wise Appraisals;Landbouw
Belle Ladi;Onderwijs
Sound Warehouse;IT
Asiatic Solutions;Zorg
Foreman & Clark;Financien
Miller & Rhoads;Horeca
The Independent Planners;Industrie
Sholl's Colonial Cafeteria;Landbouw
A Plus Lawn Care;Logistiek
Morrison's Cafeteria;Onderwijs
Brand Names;IT
York Steak House;Bouw
CSK Auto;Financien
Parts America;Horeca
Total Quality;Landbouw
Strategy Consulting;IT
Kenny Rogers Roasters;Bouw
Music Boutique;Financien
Polk Brothers;Handel
Multicerv;Horeca
Parts America;Industrie
Wells & Wade;Landbouw
Chatham;Logistiek
Singer Lumber;IT
Nutri G;Bouw
Family Toy;Handel
Avant Garde Appraisal;Industrie
Target Realty;Logistiek
Glicks Furniture;IT
Monk House Sales;Zorg
Johnson's General Stores;Financien
Mikrotechnic;Handel
Father & Son;Horeca
Lafayette Radio;Industrie
Grand Union;Landbouw
McMahan's Furniture;Logistiek
Enrich Garden Services;Zorg
Creative Wealth Management;Bouw
Karl's Shoes;Handel
Our Own Hardware;Horeca
Expo Superstore;Logistiek
Paul Harris;IT
Record Bar;Bouw
Rex Audio Video Appliance;Financien
Kelly and Cohen;Handel
Olson's Market;Horeca
Foot Quarters;Industrie
American Appliance;Logistiek
Crazy Tiger;Onderwijs
Alexander's;Zorg
Solid Future;Horeca
Sunburst Garden Management;Financien
Chandlers;Handel
Luria's;Horeca
Full Color;Industrie
Sportswest;Logistiek
Cellophane Square;IT
BASCO;Zorg
Techo Solutions;Bouw
DGS VolMAX;Horeca
Crandall's Fine Furniture;Landbouw
Coffey's Market;Logistiek
Liberal;Onderwijs
Audio Visions;IT
Hanover Shoe;Zorg
Adaptaz;Bouw
Dun Rite Lawn Maintenance;Financien
County Market;Horeca
Opti-Tek;Industrie
Opticomp;Logistiek
J. K. Gill Company;Onderwijs
Las Vegas Yard Management;Zorg
Avant Garde Appraisal Group;Handel
Al's Auto Parts;Industrie
Integra Wealth Planners;IT
Access Asia;Zorg
Nickerson Farms;Financien
One-Up Realtors;Horeca
Plan Future;Industrie
Circuit Design;Logistiek
Pup 'N' Taco;Onderwijs
Libera;IT
Omni Tech;Zorg
Infinite Wealth;Bouw
National Hardgoods Distributors;Financien
Beasts of Beauty;Handel
Grass Roots Yard Services;Horeca
Custom Lawn Service;Landbouw
Omni Realty;Logistiek
Road Runner Lawn Services;Onderwijs
Quickbiz;IT
Lone Wolf Wealth Planning;Zorg
Mages;Handel
Circuit City;Industrie
Red Bears Tavern;Landbouw
Official All Star Café;Logistiek
Hollywood Video;Onderwijs
Infinite Wealth Planners;IT
Personal & Corporate Design;Zorg
Atlas Architectural Designs;Bouw
Price Savers;Financien
Pro Star Garden Management;Industrie
Golden Dawn;Landbouw